<?xml version='1.0' encoding='UTF-8'?>

<actions>
    <action>
        <id>1</id>
        <type>userjoins</type>
        <date>2012-10-23 10:54:05</date>
        <user>2</user>
        <realUser />
        <ip>80.191.2.222</ip>
        <node />
        <extraData />
        <canceled state="false" />
        <reputes>
            <repute byCanceled="false">
                <user>2</user>
                <value>1</value>
            </repute>
        </reputes>
    </action>
    <action>
        <id>2</id>
        <type>userlogin</type>
        <date>2012-10-23 10:54:06</date>
        <user>2</user>
        <realUser />
        <ip>80.191.2.222</ip>
        <node />
        <extraData />
        <canceled state="false" />
        <reputes />
    </action>
    <action>
        <id>3</id>
        <type>userlogin</type>
        <date>2012-10-23 12:58:07</date>
        <user>2</user>
        <realUser />
        <ip>2.144.173.109</ip>
        <node />
        <extraData />
        <canceled state="false" />
        <reputes />
    </action>
    <action>
        <id>4</id>
        <type>userjoins</type>
        <date>2012-10-23 14:00:36</date>
        <user>3</user>
        <realUser />
        <ip>79.143.176.23</ip>
        <node />
        <extraData />
        <canceled state="false" />
        <reputes>
            <repute byCanceled="false">
                <user>3</user>
                <value>1</value>
            </repute>
        </reputes>
    </action>
    <action>
        <id>5</id>
        <type>userlogin</type>
        <date>2012-10-23 14:00:36</date>
        <user>3</user>
        <realUser />
        <ip>79.143.176.23</ip>
        <node />
        <extraData />
        <canceled state="false" />
        <reputes />
    </action>
    <action>
        <id>6</id>
        <type>userlogin</type>
        <date>2012-10-23 14:03:10</date>
        <user>2</user>
        <realUser />
        <ip>79.143.176.23</ip>
        <node />
        <extraData />
        <canceled state="false" />
        <reputes />
    </action>
    <action>
        <id>7</id>
        <type>userlogin</type>
        <date>2012-10-23 14:04:49</date>
        <user>2</user>
        <realUser />
        <ip>79.143.176.23</ip>
        <node />
        <extraData />
        <canceled state="false" />
        <reputes />
    </action>
    <action>
        <id>8</id>
        <type>userlogin</type>
        <date>2012-10-23 14:15:32</date>
        <user>2</user>
        <realUser />
        <ip>178.131.2.134</ip>
        <node />
        <extraData />
        <canceled state="false" />
        <reputes />
    </action>
    <action>
        <id>9</id>
        <type>userlogin</type>
        <date>2012-10-23 14:37:33</date>
        <user>2</user>
        <realUser />
        <ip>178.131.2.134</ip>
        <node />
        <extraData />
        <canceled state="false" />
        <reputes />
    </action>
    <action>
        <id>10</id>
        <type>userlogin</type>
        <date>2012-10-23 15:04:03</date>
        <user>2</user>
        <realUser />
        <ip>2.144.173.109</ip>
        <node />
        <extraData />
        <canceled state="false" />
        <reputes />
    </action>
    <action>
        <id>11</id>
        <type>ask</type>
        <date>2012-10-23 15:25:19</date>
        <user>2</user>
        <realUser />
        <ip>2.144.173.109</ip>
        <node>1</node>
        <extraData />
        <canceled state="false" />
        <reputes />
    </action>
    <action>
        <id>12</id>
        <type>delete</type>
        <date>2012-10-23 15:25:34</date>
        <user>2</user>
        <realUser />
        <ip>2.144.173.109</ip>
        <node>1</node>
        <extraData />
        <canceled state="true">
            <user>2</user>
            <ip>2.144.173.109</ip>
            <date>2012-10-23 15:25:51</date>
        </canceled>
        <reputes />
    </action>
    <action>
        <id>13</id>
        <type>delete</type>
        <date>2012-10-23 15:25:51</date>
        <user>2</user>
        <realUser />
        <ip>2.144.173.109</ip>
        <node>1</node>
        <extraData />
        <canceled state="true">
            <user>2</user>
            <ip>2.144.173.109</ip>
            <date>2012-10-23 15:25:52</date>
        </canceled>
        <reputes />
    </action>
    <action>
        <id>14</id>
        <type>delete</type>
        <date>2012-10-23 15:25:53</date>
        <user>2</user>
        <realUser />
        <ip>2.144.173.109</ip>
        <node>1</node>
        <extraData />
        <canceled state="true">
            <user>2</user>
            <ip>2.144.173.109</ip>
            <date>2012-10-23 15:26:02</date>
        </canceled>
        <reputes />
    </action>
    <action>
        <id>15</id>
        <type>delete</type>
        <date>2012-10-23 15:26:03</date>
        <user>2</user>
        <realUser />
        <ip>2.144.173.109</ip>
        <node>1</node>
        <extraData />
        <canceled state="false" />
        <reputes />
    </action>
    <action>
        <id>16</id>
        <type>editprofile</type>
        <date>2012-10-23 15:48:17</date>
        <user>2</user>
        <realUser />
        <ip>178.131.2.134</ip>
        <node />
        <extraData />
        <canceled state="false" />
        <reputes />
    </action>
    <action>
        <id>17</id>
        <type>editprofile</type>
        <date>2012-10-23 15:51:03</date>
        <user>2</user>
        <realUser />
        <ip>178.131.2.134</ip>
        <node />
        <extraData />
        <canceled state="false" />
        <reputes />
    </action>
    <action>
        <id>18</id>
        <type>userlogin</type>
        <date>2012-10-24 05:33:58</date>
        <user>2</user>
        <realUser />
        <ip>80.191.2.222</ip>
        <node />
        <extraData />
        <canceled state="false" />
        <reputes />
    </action>
    <action>
        <id>19</id>
        <type>ask</type>
        <date>2012-10-24 05:38:48</date>
        <user>2</user>
        <realUser />
        <ip>80.191.2.222</ip>
        <node>2</node>
        <extraData />
        <canceled state="false" />
        <reputes />
    </action>
    <action>
        <id>22</id>
        <type>userlogin</type>
        <date>2012-10-24 10:59:45</date>
        <user>3</user>
        <realUser />
        <ip>79.143.176.23</ip>
        <node />
        <extraData />
        <canceled state="false" />
        <reputes />
    </action>
    <action>
        <id>23</id>
        <type>userlogin</type>
        <date>2012-10-24 16:03:00</date>
        <user>2</user>
        <realUser />
        <ip>178.131.220.26</ip>
        <node />
        <extraData />
        <canceled state="false" />
        <reputes />
    </action>
    <action>
        <id>24</id>
        <type>delete</type>
        <date>2012-10-24 16:03:22</date>
        <user>2</user>
        <realUser />
        <ip>178.131.220.26</ip>
        <node>2</node>
        <extraData />
        <canceled state="false" />
        <reputes />
    </action>
    <action>
        <id>25</id>
        <type>close</type>
        <date>2012-10-24 16:03:30</date>
        <user>2</user>
        <realUser />
        <ip>178.131.220.26</ip>
        <node>2</node>
        <extraData>
            <value type="unicode">Duplicate Question</value>
        </extraData>
        <canceled state="false" />
        <reputes />
    </action>
    <action>
        <id>26</id>
        <type>userlogin</type>
        <date>2012-10-25 02:29:24</date>
        <user>2</user>
        <realUser />
        <ip>94.101.189.3</ip>
        <node />
        <extraData />
        <canceled state="false" />
        <reputes />
    </action>
    <action>
        <id>29</id>
        <type>userlogin</type>
        <date>2012-10-25 14:17:29</date>
        <user>2</user>
        <realUser />
        <ip>178.131.220.26</ip>
        <node />
        <extraData />
        <canceled state="false" />
        <reputes />
    </action>
    <action>
        <id>30</id>
        <type>userlogin</type>
        <date>2012-10-25 15:30:16</date>
        <user>2</user>
        <realUser />
        <ip>178.131.220.26</ip>
        <node />
        <extraData />
        <canceled state="false" />
        <reputes />
    </action>
    <action>
        <id>31</id>
        <type>userlogin</type>
        <date>2012-10-27 04:37:00</date>
        <user>2</user>
        <realUser />
        <ip>80.191.2.222</ip>
        <node />
        <extraData />
        <canceled state="false" />
        <reputes />
    </action>
    <action>
        <id>32</id>
        <type>userjoins</type>
        <date>2012-10-27 07:16:18</date>
        <user>6</user>
        <realUser />
        <ip>80.191.2.222</ip>
        <node />
        <extraData />
        <canceled state="false" />
        <reputes>
            <repute byCanceled="false">
                <user>6</user>
                <value>1</value>
            </repute>
        </reputes>
    </action>
    <action>
        <id>33</id>
        <type>userlogin</type>
        <date>2012-10-27 07:16:20</date>
        <user>6</user>
        <realUser />
        <ip>80.191.2.222</ip>
        <node />
        <extraData />
        <canceled state="false" />
        <reputes />
    </action>
    <action>
        <id>34</id>
        <type>userlogin</type>
        <date>2012-10-27 07:17:54</date>
        <user>2</user>
        <realUser />
        <ip>80.191.2.222</ip>
        <node />
        <extraData />
        <canceled state="false" />
        <reputes />
    </action>
    <action>
        <id>35</id>
        <type>userlogin</type>
        <date>2012-10-27 07:20:13</date>
        <user>6</user>
        <realUser />
        <ip>80.191.2.222</ip>
        <node />
        <extraData />
        <canceled state="false" />
        <reputes />
    </action>
    <action>
        <id>36</id>
        <type>userlogin</type>
        <date>2012-10-27 07:20:14</date>
        <user>3</user>
        <realUser />
        <ip>80.191.2.222</ip>
        <node />
        <extraData />
        <canceled state="false" />
        <reputes />
    </action>
    <action>
        <id>37</id>
        <type>userlogin</type>
        <date>2012-10-27 07:21:09</date>
        <user>6</user>
        <realUser />
        <ip>80.191.2.222</ip>
        <node />
        <extraData />
        <canceled state="false" />
        <reputes />
    </action>
    <action>
        <id>42</id>
        <type>userlogin</type>
        <date>2012-10-28 12:07:09</date>
        <user>2</user>
        <realUser />
        <ip>94.101.189.3</ip>
        <node />
        <extraData />
        <canceled state="false" />
        <reputes />
    </action>
    <action>
        <id>43</id>
        <type>userlogin</type>
        <date>2012-10-29 02:35:04</date>
        <user>2</user>
        <realUser />
        <ip>80.191.2.222</ip>
        <node />
        <extraData />
        <canceled state="false" />
        <reputes />
    </action>
    <action>
        <id>48</id>
        <type>userlogin</type>
        <date>2012-10-29 06:18:51</date>
        <user>3</user>
        <realUser />
        <ip>80.191.2.222</ip>
        <node />
        <extraData />
        <canceled state="false" />
        <reputes />
    </action>
    <action>
        <id>52</id>
        <type>userlogin</type>
        <date>2012-10-29 06:37:36</date>
        <user>3</user>
        <realUser />
        <ip>80.191.2.222</ip>
        <node />
        <extraData />
        <canceled state="false" />
        <reputes />
    </action>
    <action>
        <id>57</id>
        <type>userjoins</type>
        <date>2012-10-30 03:46:12</date>
        <user>10</user>
        <realUser />
        <ip>80.191.2.222</ip>
        <node />
        <extraData />
        <canceled state="false" />
        <reputes>
            <repute byCanceled="false">
                <user>10</user>
                <value>1</value>
            </repute>
        </reputes>
    </action>
    <action>
        <id>58</id>
        <type>userlogin</type>
        <date>2012-10-30 03:46:13</date>
        <user>10</user>
        <realUser />
        <ip>80.191.2.222</ip>
        <node />
        <extraData />
        <canceled state="false" />
        <reputes />
    </action>
    <action>
        <id>59</id>
        <type>emailvalidation</type>
        <date>2012-10-30 03:46:42</date>
        <user>10</user>
        <realUser />
        <ip>80.191.2.222</ip>
        <node />
        <extraData />
        <canceled state="false" />
        <reputes>
            <repute byCanceled="false">
                <user>10</user>
                <value>10</value>
            </repute>
        </reputes>
    </action>
    <action>
        <id>60</id>
        <type>award</type>
        <date>2012-10-30 03:46:43</date>
        <user>10</user>
        <realUser />
        <ip />
        <node />
        <extraData />
        <canceled state="false" />
        <reputes />
    </action>
    <action>
        <id>61</id>
        <type>userlogin</type>
        <date>2012-10-30 03:46:43</date>
        <user>10</user>
        <realUser />
        <ip>80.191.2.222</ip>
        <node />
        <extraData />
        <canceled state="false" />
        <reputes />
    </action>
    <action>
        <id>62</id>
        <type>userlogin</type>
        <date>2012-10-30 04:01:36</date>
        <user>2</user>
        <realUser />
        <ip>80.191.2.222</ip>
        <node />
        <extraData />
        <canceled state="false" />
        <reputes />
    </action>
    <action>
        <id>63</id>
        <type>userlogin</type>
        <date>2012-10-30 09:32:00</date>
        <user>3</user>
        <realUser />
        <ip>79.143.176.23</ip>
        <node />
        <extraData />
        <canceled state="false" />
        <reputes />
    </action>
    <action>
        <id>64</id>
        <type>userjoins</type>
        <date>2012-10-30 09:57:45</date>
        <user>11</user>
        <realUser />
        <ip>80.191.2.222</ip>
        <node />
        <extraData />
        <canceled state="false" />
        <reputes>
            <repute byCanceled="false">
                <user>11</user>
                <value>1</value>
            </repute>
        </reputes>
    </action>
    <action>
        <id>65</id>
        <type>userlogin</type>
        <date>2012-10-30 09:57:47</date>
        <user>11</user>
        <realUser />
        <ip>80.191.2.222</ip>
        <node />
        <extraData />
        <canceled state="false" />
        <reputes />
    </action>
    <action>
        <id>67</id>
        <type>userlogin</type>
        <date>2012-10-30 11:53:34</date>
        <user>3</user>
        <realUser />
        <ip>79.143.176.23</ip>
        <node />
        <extraData />
        <canceled state="false" />
        <reputes />
    </action>
    <action>
        <id>68</id>
        <type>userlogin</type>
        <date>2012-10-30 12:56:18</date>
        <user>3</user>
        <realUser />
        <ip>79.143.176.23</ip>
        <node />
        <extraData />
        <canceled state="false" />
        <reputes />
    </action>
    <action>
        <id>69</id>
        <type>emailvalidation</type>
        <date>2012-10-30 13:18:57</date>
        <user>3</user>
        <realUser />
        <ip>79.143.176.23</ip>
        <node />
        <extraData />
        <canceled state="false" />
        <reputes>
            <repute byCanceled="false">
                <user>3</user>
                <value>10</value>
            </repute>
        </reputes>
    </action>
    <action>
        <id>70</id>
        <type>award</type>
        <date>2012-10-30 13:18:57</date>
        <user>3</user>
        <realUser />
        <ip />
        <node />
        <extraData />
        <canceled state="false" />
        <reputes />
    </action>
    <action>
        <id>71</id>
        <type>userlogin</type>
        <date>2012-10-30 13:18:58</date>
        <user>3</user>
        <realUser />
        <ip>79.143.176.23</ip>
        <node />
        <extraData />
        <canceled state="false" />
        <reputes />
    </action>
    <action>
        <id>72</id>
        <type>userjoins</type>
        <date>2012-10-31 00:36:58</date>
        <user>12</user>
        <realUser />
        <ip>80.191.2.222</ip>
        <node />
        <extraData />
        <canceled state="false" />
        <reputes>
            <repute byCanceled="false">
                <user>12</user>
                <value>1</value>
            </repute>
        </reputes>
    </action>
    <action>
        <id>73</id>
        <type>userlogin</type>
        <date>2012-10-31 00:37:00</date>
        <user>12</user>
        <realUser />
        <ip>80.191.2.222</ip>
        <node />
        <extraData />
        <canceled state="false" />
        <reputes />
    </action>
    <action>
        <id>76</id>
        <type>userlogin</type>
        <date>2012-10-31 03:01:22</date>
        <user>3</user>
        <realUser />
        <ip>80.191.2.222</ip>
        <node />
        <extraData />
        <canceled state="false" />
        <reputes />
    </action>
    <action>
        <id>77</id>
        <type>userlogin</type>
        <date>2012-10-31 03:23:23</date>
        <user>3</user>
        <realUser />
        <ip>80.191.2.222</ip>
        <node />
        <extraData />
        <canceled state="false" />
        <reputes />
    </action>
    <action>
        <id>78</id>
        <type>answer</type>
        <date>2012-10-31 04:10:22</date>
        <user>3</user>
        <realUser />
        <ip>80.191.2.222</ip>
        <node>10</node>
        <extraData />
        <canceled state="false" />
        <reputes />
    </action>
    <action>
        <id>84</id>
        <type>userlogin</type>
        <date>2012-10-31 05:40:26</date>
        <user>2</user>
        <realUser />
        <ip>94.101.189.3</ip>
        <node />
        <extraData />
        <canceled state="false" />
        <reputes />
    </action>
    <action>
        <id>85</id>
        <type>userlogin</type>
        <date>2012-10-31 06:05:11</date>
        <user>3</user>
        <realUser />
        <ip>80.191.2.222</ip>
        <node />
        <extraData />
        <canceled state="false" />
        <reputes />
    </action>
    <action>
        <id>109</id>
        <type>userlogin</type>
        <date>2012-11-01 02:34:31</date>
        <user>3</user>
        <realUser />
        <ip>94.101.189.3</ip>
        <node />
        <extraData />
        <canceled state="false" />
        <reputes />
    </action>
    <action>
        <id>110</id>
        <type>userlogin</type>
        <date>2012-11-01 02:42:15</date>
        <user>2</user>
        <realUser />
        <ip>94.101.189.3</ip>
        <node />
        <extraData />
        <canceled state="false" />
        <reputes />
    </action>
    <action>
        <id>111</id>
        <type>suspend</type>
        <date>2012-11-01 02:44:19</date>
        <user>2</user>
        <realUser />
        <ip>94.101.189.3</ip>
        <node />
        <extraData>
            <value type="dict">
                <item key="publicmsg">
                    <value type="unicode" />
                </item>
                <item key="bantype">
                    <value type="unicode">indefinitely</value>
                </item>
                <item key="privatemsg">
                    <value type="unicode" />
                </item>
            </value>
        </extraData>
        <canceled state="false" />
        <reputes />
    </action>
    <action>
        <id>112</id>
        <type>userlogin</type>
        <date>2012-11-01 03:09:50</date>
        <user>3</user>
        <realUser />
        <ip>94.101.189.3</ip>
        <node />
        <extraData />
        <canceled state="false" />
        <reputes />
    </action>
    <action>
        <id>114</id>
        <type>delete</type>
        <date>2012-11-01 03:46:25</date>
        <user>2</user>
        <realUser />
        <ip>94.101.189.3</ip>
        <node>6</node>
        <extraData />
        <canceled state="true">
            <user>2</user>
            <ip>94.101.189.3</ip>
            <date>2012-11-01 03:46:36</date>
        </canceled>
        <reputes />
    </action>
    <action>
        <id>115</id>
        <type>delete</type>
        <date>2012-11-01 03:46:36</date>
        <user>2</user>
        <realUser />
        <ip>94.101.189.3</ip>
        <node>6</node>
        <extraData />
        <canceled state="true">
            <user>2</user>
            <ip>94.101.189.3</ip>
            <date>2012-11-01 03:46:49</date>
        </canceled>
        <reputes />
    </action>
    <action>
        <id>116</id>
        <type>delete</type>
        <date>2012-11-01 03:47:08</date>
        <user>2</user>
        <realUser />
        <ip>94.101.189.3</ip>
        <node>6</node>
        <extraData />
        <canceled state="true">
            <user>2</user>
            <ip>94.101.189.3</ip>
            <date>2012-11-01 03:47:08</date>
        </canceled>
        <reputes />
    </action>
    <action>
        <id>117</id>
        <type>delete</type>
        <date>2012-11-01 03:47:14</date>
        <user>2</user>
        <realUser />
        <ip>94.101.189.3</ip>
        <node>6</node>
        <extraData />
        <canceled state="true">
            <user>2</user>
            <ip>94.101.189.3</ip>
            <date>2012-11-01 03:47:15</date>
        </canceled>
        <reputes />
    </action>
    <action>
        <id>119</id>
        <type>close</type>
        <date>2012-11-01 03:48:24</date>
        <user>3</user>
        <realUser />
        <ip>94.101.189.3</ip>
        <node>3</node>
        <extraData>
            <value type="unicode">Problem is not reproducible or outdated</value>
        </extraData>
        <canceled state="false" />
        <reputes />
    </action>
    <action>
        <id>120</id>
        <type>delete</type>
        <date>2012-11-01 03:48:44</date>
        <user>3</user>
        <realUser />
        <ip>94.101.189.3</ip>
        <node>3</node>
        <extraData />
        <canceled state="false" />
        <reputes />
    </action>
    <action>
        <id>121</id>
        <type>delete</type>
        <date>2012-11-01 03:51:56</date>
        <user>3</user>
        <realUser />
        <ip>94.101.189.3</ip>
        <node>10</node>
        <extraData />
        <canceled state="false" />
        <reputes />
    </action>
    <action>
        <id>123</id>
        <type>delete</type>
        <date>2012-11-01 03:51:57</date>
        <user>3</user>
        <realUser />
        <ip>94.101.189.3</ip>
        <node>4</node>
        <extraData />
        <canceled state="false" />
        <reputes />
    </action>
    <action>
        <id>124</id>
        <type>delete</type>
        <date>2012-11-01 03:51:58</date>
        <user>3</user>
        <realUser />
        <ip>94.101.189.3</ip>
        <node>6</node>
        <extraData />
        <canceled state="false" />
        <reputes />
    </action>
    <action>
        <id>132</id>
        <type>suspend</type>
        <date>2012-11-02 10:57:44</date>
        <user>2</user>
        <realUser />
        <ip>130.255.249.238</ip>
        <node />
        <extraData>
            <value type="dict">
                <item key="publicmsg">
                    <value type="unicode" />
                </item>
                <item key="bantype">
                    <value type="unicode">indefinitely</value>
                </item>
                <item key="privatemsg">
                    <value type="unicode" />
                </item>
            </value>
        </extraData>
        <canceled state="false" />
        <reputes />
    </action>
    <action>
        <id>133</id>
        <type>suspend</type>
        <date>2012-11-02 11:01:00</date>
        <user>2</user>
        <realUser />
        <ip>130.255.249.238</ip>
        <node />
        <extraData>
            <value type="dict">
                <item key="publicmsg">
                    <value type="unicode" />
                </item>
                <item key="bantype">
                    <value type="unicode">indefinitely</value>
                </item>
                <item key="privatemsg">
                    <value type="unicode" />
                </item>
            </value>
        </extraData>
        <canceled state="false" />
        <reputes />
    </action>
    <action>
        <id>134</id>
        <type>suspend</type>
        <date>2012-11-02 11:01:21</date>
        <user>2</user>
        <realUser />
        <ip>130.255.249.238</ip>
        <node />
        <extraData>
            <value type="dict">
                <item key="publicmsg">
                    <value type="unicode" />
                </item>
                <item key="bantype">
                    <value type="unicode">indefinitely</value>
                </item>
                <item key="privatemsg">
                    <value type="unicode" />
                </item>
            </value>
        </extraData>
        <canceled state="false" />
        <reputes />
    </action>
    <action>
        <id>135</id>
        <type>suspend</type>
        <date>2012-11-02 11:02:31</date>
        <user>2</user>
        <realUser />
        <ip>130.255.249.238</ip>
        <node />
        <extraData>
            <value type="dict">
                <item key="publicmsg">
                    <value type="unicode" />
                </item>
                <item key="bantype">
                    <value type="unicode">indefinitely</value>
                </item>
                <item key="privatemsg">
                    <value type="unicode" />
                </item>
            </value>
        </extraData>
        <canceled state="false" />
        <reputes />
    </action>
    <action>
        <id>136</id>
        <type>suspend</type>
        <date>2012-11-02 11:02:53</date>
        <user>2</user>
        <realUser />
        <ip>130.255.249.238</ip>
        <node />
        <extraData>
            <value type="dict">
                <item key="publicmsg">
                    <value type="unicode" />
                </item>
                <item key="bantype">
                    <value type="unicode">indefinitely</value>
                </item>
                <item key="privatemsg">
                    <value type="unicode" />
                </item>
            </value>
        </extraData>
        <canceled state="false" />
        <reputes />
    </action>
    <action>
        <id>137</id>
        <type>suspend</type>
        <date>2012-11-02 11:03:15</date>
        <user>2</user>
        <realUser />
        <ip>130.255.249.238</ip>
        <node />
        <extraData>
            <value type="dict">
                <item key="publicmsg">
                    <value type="unicode" />
                </item>
                <item key="bantype">
                    <value type="unicode">indefinitely</value>
                </item>
                <item key="privatemsg">
                    <value type="unicode" />
                </item>
            </value>
        </extraData>
        <canceled state="false" />
        <reputes />
    </action>
    <action>
        <id>138</id>
        <type>suspend</type>
        <date>2012-11-02 11:03:37</date>
        <user>2</user>
        <realUser />
        <ip>130.255.249.238</ip>
        <node />
        <extraData>
            <value type="dict">
                <item key="publicmsg">
                    <value type="unicode" />
                </item>
                <item key="bantype">
                    <value type="unicode">indefinitely</value>
                </item>
                <item key="privatemsg">
                    <value type="unicode" />
                </item>
            </value>
        </extraData>
        <canceled state="false" />
        <reputes />
    </action>
    <action>
        <id>139</id>
        <type>suspend</type>
        <date>2012-11-02 11:17:02</date>
        <user>2</user>
        <realUser />
        <ip>130.255.249.238</ip>
        <node />
        <extraData>
            <value type="dict">
                <item key="publicmsg">
                    <value type="unicode" />
                </item>
                <item key="bantype">
                    <value type="unicode">indefinitely</value>
                </item>
                <item key="privatemsg">
                    <value type="unicode" />
                </item>
            </value>
        </extraData>
        <canceled state="false" />
        <reputes />
    </action>
    <action>
        <id>140</id>
        <type>suspend</type>
        <date>2012-11-02 11:17:47</date>
        <user>2</user>
        <realUser />
        <ip>130.255.249.238</ip>
        <node />
        <extraData>
            <value type="dict">
                <item key="publicmsg">
                    <value type="unicode" />
                </item>
                <item key="bantype">
                    <value type="unicode">indefinitely</value>
                </item>
                <item key="privatemsg">
                    <value type="unicode" />
                </item>
            </value>
        </extraData>
        <canceled state="false" />
        <reputes />
    </action>
    <action>
        <id>141</id>
        <type>suspend</type>
        <date>2012-11-02 11:18:14</date>
        <user>2</user>
        <realUser />
        <ip>130.255.249.238</ip>
        <node />
        <extraData>
            <value type="dict">
                <item key="publicmsg">
                    <value type="unicode" />
                </item>
                <item key="bantype">
                    <value type="unicode">indefinitely</value>
                </item>
                <item key="privatemsg">
                    <value type="unicode" />
                </item>
            </value>
        </extraData>
        <canceled state="false" />
        <reputes />
    </action>
    <action>
        <id>142</id>
        <type>suspend</type>
        <date>2012-11-02 11:20:56</date>
        <user>2</user>
        <realUser />
        <ip>130.255.249.238</ip>
        <node />
        <extraData>
            <value type="dict">
                <item key="publicmsg">
                    <value type="unicode" />
                </item>
                <item key="bantype">
                    <value type="unicode">indefinitely</value>
                </item>
                <item key="privatemsg">
                    <value type="unicode" />
                </item>
            </value>
        </extraData>
        <canceled state="false" />
        <reputes />
    </action>
    <action>
        <id>143</id>
        <type>suspend</type>
        <date>2012-11-02 11:21:30</date>
        <user>2</user>
        <realUser />
        <ip>130.255.249.238</ip>
        <node />
        <extraData>
            <value type="dict">
                <item key="publicmsg">
                    <value type="unicode" />
                </item>
                <item key="bantype">
                    <value type="unicode">indefinitely</value>
                </item>
                <item key="privatemsg">
                    <value type="unicode" />
                </item>
            </value>
        </extraData>
        <canceled state="false" />
        <reputes />
    </action>
    <action>
        <id>144</id>
        <type>suspend</type>
        <date>2012-11-02 11:21:57</date>
        <user>2</user>
        <realUser />
        <ip>130.255.249.238</ip>
        <node />
        <extraData>
            <value type="dict">
                <item key="publicmsg">
                    <value type="unicode" />
                </item>
                <item key="bantype">
                    <value type="unicode">indefinitely</value>
                </item>
                <item key="privatemsg">
                    <value type="unicode" />
                </item>
            </value>
        </extraData>
        <canceled state="false" />
        <reputes />
    </action>
    <action>
        <id>145</id>
        <type>suspend</type>
        <date>2012-11-02 11:22:26</date>
        <user>2</user>
        <realUser />
        <ip>130.255.249.238</ip>
        <node />
        <extraData>
            <value type="dict">
                <item key="publicmsg">
                    <value type="unicode" />
                </item>
                <item key="bantype">
                    <value type="unicode">indefinitely</value>
                </item>
                <item key="privatemsg">
                    <value type="unicode" />
                </item>
            </value>
        </extraData>
        <canceled state="false" />
        <reputes />
    </action>
    <action>
        <id>146</id>
        <type>suspend</type>
        <date>2012-11-02 11:22:52</date>
        <user>2</user>
        <realUser />
        <ip>130.255.249.238</ip>
        <node />
        <extraData>
            <value type="dict">
                <item key="publicmsg">
                    <value type="unicode" />
                </item>
                <item key="bantype">
                    <value type="unicode">indefinitely</value>
                </item>
                <item key="privatemsg">
                    <value type="unicode" />
                </item>
            </value>
        </extraData>
        <canceled state="false" />
        <reputes />
    </action>
    <action>
        <id>147</id>
        <type>ask</type>
        <date>2012-11-04 05:35:48</date>
        <user>3</user>
        <realUser />
        <ip>80.191.2.222</ip>
        <node>11</node>
        <extraData />
        <canceled state="false" />
        <reputes />
    </action>
    <action>
        <id>148</id>
        <type>delete</type>
        <date>2012-11-04 05:37:54</date>
        <user>3</user>
        <realUser />
        <ip>80.191.2.222</ip>
        <node>11</node>
        <extraData />
        <canceled state="false" />
        <reputes />
    </action>
    <action>
        <id>149</id>
        <type>emailvalidation</type>
        <date>2012-11-04 07:07:59</date>
        <user>6</user>
        <realUser />
        <ip>80.191.2.222</ip>
        <node />
        <extraData />
        <canceled state="false" />
        <reputes>
            <repute byCanceled="false">
                <user>6</user>
                <value>10</value>
            </repute>
        </reputes>
    </action>
    <action>
        <id>150</id>
        <type>award</type>
        <date>2012-11-04 07:07:59</date>
        <user>6</user>
        <realUser />
        <ip />
        <node />
        <extraData />
        <canceled state="false" />
        <reputes />
    </action>
    <action>
        <id>151</id>
        <type>userlogin</type>
        <date>2012-11-04 07:07:59</date>
        <user>6</user>
        <realUser />
        <ip>80.191.2.222</ip>
        <node />
        <extraData />
        <canceled state="false" />
        <reputes />
    </action>
    <action>
        <id>152</id>
        <type>userjoins</type>
        <date>2012-11-04 07:35:10</date>
        <user>25</user>
        <realUser />
        <ip>80.191.2.222</ip>
        <node />
        <extraData />
        <canceled state="false" />
        <reputes>
            <repute byCanceled="false">
                <user>25</user>
                <value>1</value>
            </repute>
        </reputes>
    </action>
    <action>
        <id>153</id>
        <type>userlogin</type>
        <date>2012-11-04 07:35:12</date>
        <user>25</user>
        <realUser />
        <ip>80.191.2.222</ip>
        <node />
        <extraData />
        <canceled state="false" />
        <reputes />
    </action>
    <action>
        <id>154</id>
        <type>emailvalidation</type>
        <date>2012-11-04 07:35:54</date>
        <user>25</user>
        <realUser />
        <ip>80.191.2.222</ip>
        <node />
        <extraData />
        <canceled state="false" />
        <reputes>
            <repute byCanceled="false">
                <user>25</user>
                <value>10</value>
            </repute>
        </reputes>
    </action>
    <action>
        <id>155</id>
        <type>award</type>
        <date>2012-11-04 07:35:54</date>
        <user>25</user>
        <realUser />
        <ip />
        <node />
        <extraData />
        <canceled state="false" />
        <reputes />
    </action>
    <action>
        <id>156</id>
        <type>userlogin</type>
        <date>2012-11-04 07:35:54</date>
        <user>25</user>
        <realUser />
        <ip>80.191.2.222</ip>
        <node />
        <extraData />
        <canceled state="false" />
        <reputes />
    </action>
    <action>
        <id>157</id>
        <type>userjoins</type>
        <date>2012-11-06 01:23:42</date>
        <user>26</user>
        <realUser />
        <ip>80.191.2.222</ip>
        <node />
        <extraData />
        <canceled state="false" />
        <reputes>
            <repute byCanceled="false">
                <user>26</user>
                <value>1</value>
            </repute>
        </reputes>
    </action>
    <action>
        <id>158</id>
        <type>userlogin</type>
        <date>2012-11-06 01:23:44</date>
        <user>26</user>
        <realUser />
        <ip>80.191.2.222</ip>
        <node />
        <extraData />
        <canceled state="false" />
        <reputes />
    </action>
    <action>
        <id>159</id>
        <type>emailvalidation</type>
        <date>2012-11-06 01:25:49</date>
        <user>26</user>
        <realUser />
        <ip>80.191.2.222</ip>
        <node />
        <extraData />
        <canceled state="false" />
        <reputes>
            <repute byCanceled="false">
                <user>26</user>
                <value>10</value>
            </repute>
        </reputes>
    </action>
    <action>
        <id>160</id>
        <type>award</type>
        <date>2012-11-06 01:25:50</date>
        <user>26</user>
        <realUser />
        <ip />
        <node />
        <extraData />
        <canceled state="false" />
        <reputes />
    </action>
    <action>
        <id>161</id>
        <type>userlogin</type>
        <date>2012-11-06 01:25:50</date>
        <user>26</user>
        <realUser />
        <ip>80.191.2.222</ip>
        <node />
        <extraData />
        <canceled state="false" />
        <reputes />
    </action>
    <action>
        <id>162</id>
        <type>answer</type>
        <date>2012-11-06 01:26:45</date>
        <user>26</user>
        <realUser />
        <ip>80.191.2.222</ip>
        <node>12</node>
        <extraData />
        <canceled state="false" />
        <reputes />
    </action>
    <action>
        <id>163</id>
        <type>acceptanswer</type>
        <date>2012-11-07 15:12:38</date>
        <user>3</user>
        <realUser />
        <ip>37.63.214.117</ip>
        <node>12</node>
        <extraData />
        <canceled state="true">
            <user>12</user>
            <ip>80.191.2.222</ip>
            <date>2012-11-10 02:12:42</date>
        </canceled>
        <reputes>
            <repute byCanceled="false">
                <user>26</user>
                <value>15</value>
            </repute>
            <repute byCanceled="true">
                <user>26</user>
                <value>-15</value>
            </repute>
        </reputes>
    </action>
    <action>
        <id>164</id>
        <type>award</type>
        <date>2012-11-07 15:12:38</date>
        <user>3</user>
        <realUser />
        <ip />
        <node />
        <extraData />
        <canceled state="false" />
        <reputes />
    </action>
    <action>
        <id>165</id>
        <type>userjoins</type>
        <date>2012-11-07 15:33:58</date>
        <user>27</user>
        <realUser />
        <ip>152.19.134.191</ip>
        <node />
        <extraData />
        <canceled state="false" />
        <reputes>
            <repute byCanceled="false">
                <user>27</user>
                <value>1</value>
            </repute>
        </reputes>
    </action>
    <action>
        <id>166</id>
        <type>userlogin</type>
        <date>2012-11-07 15:33:59</date>
        <user>27</user>
        <realUser />
        <ip>152.19.134.191</ip>
        <node />
        <extraData />
        <canceled state="false" />
        <reputes />
    </action>
    <action>
        <id>167</id>
        <type>userlogin</type>
        <date>2012-11-07 15:39:58</date>
        <user>27</user>
        <realUser />
        <ip>152.19.134.191</ip>
        <node />
        <extraData />
        <canceled state="false" />
        <reputes />
    </action>
    <action>
        <id>168</id>
        <type>userlogin</type>
        <date>2012-11-07 15:42:47</date>
        <user>27</user>
        <realUser />
        <ip>152.19.134.191</ip>
        <node />
        <extraData />
        <canceled state="false" />
        <reputes />
    </action>
    <action>
        <id>169</id>
        <type>editprofile</type>
        <date>2012-11-07 15:44:08</date>
        <user>27</user>
        <realUser />
        <ip>152.19.134.191</ip>
        <node />
        <extraData />
        <canceled state="false" />
        <reputes />
    </action>
    <action>
        <id>170</id>
        <type>emailvalidation</type>
        <date>2012-11-07 15:45:01</date>
        <user>27</user>
        <realUser />
        <ip>152.19.134.191</ip>
        <node />
        <extraData />
        <canceled state="false" />
        <reputes>
            <repute byCanceled="false">
                <user>27</user>
                <value>10</value>
            </repute>
        </reputes>
    </action>
    <action>
        <id>171</id>
        <type>award</type>
        <date>2012-11-07 15:45:01</date>
        <user>27</user>
        <realUser />
        <ip />
        <node />
        <extraData />
        <canceled state="false" />
        <reputes />
    </action>
    <action>
        <id>172</id>
        <type>userlogin</type>
        <date>2012-11-07 15:45:01</date>
        <user>27</user>
        <realUser />
        <ip>152.19.134.191</ip>
        <node />
        <extraData />
        <canceled state="false" />
        <reputes />
    </action>
    <action>
        <id>173</id>
        <type>userlogin</type>
        <date>2012-11-07 15:48:24</date>
        <user>27</user>
        <realUser />
        <ip>152.19.134.191</ip>
        <node />
        <extraData />
        <canceled state="false" />
        <reputes />
    </action>
    <action>
        <id>174</id>
        <type>userlogin</type>
        <date>2012-11-08 02:41:49</date>
        <user>27</user>
        <realUser />
        <ip>152.19.134.191</ip>
        <node />
        <extraData />
        <canceled state="false" />
        <reputes />
    </action>
    <action>
        <id>175</id>
        <type>userlogin</type>
        <date>2012-11-08 03:06:22</date>
        <user>3</user>
        <realUser />
        <ip>178.131.2.200</ip>
        <node />
        <extraData />
        <canceled state="false" />
        <reputes />
    </action>
    <action>
        <id>176</id>
        <type>userlogin</type>
        <date>2012-11-09 15:49:22</date>
        <user>3</user>
        <realUser />
        <ip>37.63.198.217</ip>
        <node />
        <extraData />
        <canceled state="false" />
        <reputes />
    </action>
    <action>
        <id>177</id>
        <type>userlogin</type>
        <date>2012-11-09 15:59:36</date>
        <user>3</user>
        <realUser />
        <ip>37.63.198.217</ip>
        <node />
        <extraData />
        <canceled state="false" />
        <reputes />
    </action>
    <action>
        <id>178</id>
        <type>userlogin</type>
        <date>2012-11-09 16:00:47</date>
        <user>3</user>
        <realUser />
        <ip>37.63.198.217</ip>
        <node />
        <extraData />
        <canceled state="false" />
        <reputes />
    </action>
    <action>
        <id>179</id>
        <type>userlogin</type>
        <date>2012-11-09 16:03:46</date>
        <user>3</user>
        <realUser />
        <ip>37.63.198.217</ip>
        <node />
        <extraData />
        <canceled state="false" />
        <reputes />
    </action>
    <action>
        <id>180</id>
        <type>userlogin</type>
        <date>2012-11-10 02:01:48</date>
        <user>12</user>
        <realUser />
        <ip>80.191.2.222</ip>
        <node />
        <extraData />
        <canceled state="false" />
        <reputes />
    </action>
    <action>
        <id>181</id>
        <type>comment</type>
        <date>2012-11-10 02:08:14</date>
        <user>12</user>
        <realUser />
        <ip>80.191.2.222</ip>
        <node>13</node>
        <extraData />
        <canceled state="false" />
        <reputes />
    </action>
    <action>
        <id>182</id>
        <type>revise</type>
        <date>2012-11-10 02:11:56</date>
        <user>12</user>
        <realUser />
        <ip>80.191.2.222</ip>
        <node>8</node>
        <extraData>
            <value type="int">2</value>
        </extraData>
        <canceled state="false" />
        <reputes />
    </action>
    <action>
        <id>183</id>
        <type>userjoins</type>
        <date>2012-11-10 06:22:16</date>
        <user>28</user>
        <realUser />
        <ip>80.191.2.222</ip>
        <node />
        <extraData />
        <canceled state="false" />
        <reputes>
            <repute byCanceled="false">
                <user>28</user>
                <value>1</value>
            </repute>
        </reputes>
    </action>
    <action>
        <id>184</id>
        <type>userlogin</type>
        <date>2012-11-10 06:22:18</date>
        <user>28</user>
        <realUser />
        <ip>80.191.2.222</ip>
        <node />
        <extraData />
        <canceled state="false" />
        <reputes />
    </action>
    <action>
        <id>185</id>
        <type>emailvalidation</type>
        <date>2012-11-10 06:24:17</date>
        <user>28</user>
        <realUser />
        <ip>80.191.2.222</ip>
        <node />
        <extraData />
        <canceled state="false" />
        <reputes>
            <repute byCanceled="false">
                <user>28</user>
                <value>10</value>
            </repute>
        </reputes>
    </action>
    <action>
        <id>186</id>
        <type>award</type>
        <date>2012-11-10 06:24:18</date>
        <user>28</user>
        <realUser />
        <ip />
        <node />
        <extraData />
        <canceled state="false" />
        <reputes />
    </action>
    <action>
        <id>187</id>
        <type>userlogin</type>
        <date>2012-11-10 06:24:18</date>
        <user>28</user>
        <realUser />
        <ip>80.191.2.222</ip>
        <node />
        <extraData />
        <canceled state="false" />
        <reputes />
    </action>
    <action>
        <id>188</id>
        <type>acceptanswer</type>
        <date>2012-11-11 02:06:53</date>
        <user>3</user>
        <realUser />
        <ip>80.191.2.222</ip>
        <node>12</node>
        <extraData />
        <canceled state="true">
            <user>12</user>
            <ip>80.191.2.222</ip>
            <date>2012-11-11 08:26:15</date>
        </canceled>
        <reputes>
            <repute byCanceled="false">
                <user>26</user>
                <value>15</value>
            </repute>
            <repute byCanceled="true">
                <user>26</user>
                <value>-15</value>
            </repute>
        </reputes>
    </action>
    <action>
        <id>189</id>
        <type>userjoins</type>
        <date>2012-11-11 03:50:42</date>
        <user>29</user>
        <realUser />
        <ip>212.50.246.110</ip>
        <node />
        <extraData />
        <canceled state="false" />
        <reputes>
            <repute byCanceled="false">
                <user>29</user>
                <value>1</value>
            </repute>
        </reputes>
    </action>
    <action>
        <id>190</id>
        <type>userlogin</type>
        <date>2012-11-11 03:50:44</date>
        <user>29</user>
        <realUser />
        <ip>212.50.246.110</ip>
        <node />
        <extraData />
        <canceled state="false" />
        <reputes />
    </action>
    <action>
        <id>191</id>
        <type>ask</type>
        <date>2012-11-11 03:50:45</date>
        <user>29</user>
        <realUser />
        <ip>212.50.246.110</ip>
        <node>14</node>
        <extraData />
        <canceled state="false" />
        <reputes />
    </action>
    <action>
        <id>192</id>
        <type>emailvalidation</type>
        <date>2012-11-11 03:51:02</date>
        <user>29</user>
        <realUser />
        <ip>212.50.246.110</ip>
        <node />
        <extraData />
        <canceled state="false" />
        <reputes>
            <repute byCanceled="false">
                <user>29</user>
                <value>10</value>
            </repute>
        </reputes>
    </action>
    <action>
        <id>193</id>
        <type>award</type>
        <date>2012-11-11 03:51:02</date>
        <user>29</user>
        <realUser />
        <ip />
        <node />
        <extraData />
        <canceled state="false" />
        <reputes />
    </action>
    <action>
        <id>194</id>
        <type>userlogin</type>
        <date>2012-11-11 03:51:03</date>
        <user>29</user>
        <realUser />
        <ip>212.50.246.110</ip>
        <node />
        <extraData />
        <canceled state="false" />
        <reputes />
    </action>
    <action>
        <id>195</id>
        <type>answer</type>
        <date>2012-11-11 04:20:34</date>
        <user>29</user>
        <realUser />
        <ip>212.50.246.110</ip>
        <node>15</node>
        <extraData />
        <canceled state="false" />
        <reputes />
    </action>
    <action>
        <id>196</id>
        <type>comment</type>
        <date>2012-11-11 04:21:15</date>
        <user>29</user>
        <realUser />
        <ip>212.50.246.110</ip>
        <node>16</node>
        <extraData />
        <canceled state="false" />
        <reputes />
    </action>
    <action>
        <id>197</id>
        <type>voteup</type>
        <date>2012-11-11 06:40:58</date>
        <user>3</user>
        <realUser />
        <ip>80.191.2.222</ip>
        <node>12</node>
        <extraData />
        <canceled state="false" />
        <reputes>
            <repute byCanceled="false">
                <user>26</user>
                <value>10</value>
            </repute>
        </reputes>
    </action>
    <action>
        <id>198</id>
        <type>userlogin</type>
        <date>2012-11-11 07:20:47</date>
        <user>6</user>
        <realUser />
        <ip>80.191.2.222</ip>
        <node />
        <extraData />
        <canceled state="false" />
        <reputes />
    </action>
    <action>
        <id>199</id>
        <type>answer</type>
        <date>2012-11-11 07:51:50</date>
        <user>12</user>
        <realUser />
        <ip>80.191.2.222</ip>
        <node>17</node>
        <extraData />
        <canceled state="false" />
        <reputes />
    </action>
    <action>
        <id>200</id>
        <type>acceptanswer</type>
        <date>2012-11-11 08:26:17</date>
        <user>12</user>
        <realUser />
        <ip>80.191.2.222</ip>
        <node>12</node>
        <extraData />
        <canceled state="true">
            <user>12</user>
            <ip>80.191.2.222</ip>
            <date>2012-11-11 08:26:19</date>
        </canceled>
        <reputes>
            <repute byCanceled="false">
                <user>12</user>
                <value>2</value>
            </repute>
            <repute byCanceled="false">
                <user>26</user>
                <value>15</value>
            </repute>
            <repute byCanceled="true">
                <user>12</user>
                <value>-2</value>
            </repute>
            <repute byCanceled="true">
                <user>26</user>
                <value>-15</value>
            </repute>
        </reputes>
    </action>
    <action>
        <id>201</id>
        <type>award</type>
        <date>2012-11-11 08:26:18</date>
        <user>12</user>
        <realUser />
        <ip />
        <node />
        <extraData />
        <canceled state="false" />
        <reputes />
    </action>
    <action>
        <id>202</id>
        <type>favorite</type>
        <date>2012-11-11 08:26:43</date>
        <user>12</user>
        <realUser />
        <ip>80.191.2.222</ip>
        <node>9</node>
        <extraData />
        <canceled state="false" />
        <reputes />
    </action>
    <action>
        <id>203</id>
        <type>acceptanswer</type>
        <date>2012-11-11 08:26:46</date>
        <user>12</user>
        <realUser />
        <ip>80.191.2.222</ip>
        <node>12</node>
        <extraData />
        <canceled state="false" />
        <reputes>
            <repute byCanceled="false">
                <user>12</user>
                <value>2</value>
            </repute>
            <repute byCanceled="false">
                <user>26</user>
                <value>15</value>
            </repute>
        </reputes>
    </action>
    <action>
        <id>204</id>
        <type>favorite</type>
        <date>2012-11-11 08:27:30</date>
        <user>12</user>
        <realUser />
        <ip>80.191.2.222</ip>
        <node>14</node>
        <extraData />
        <canceled state="false" />
        <reputes />
    </action>
    <action>
        <id>205</id>
        <type>editprofile</type>
        <date>2012-11-12 01:12:46</date>
        <user>3</user>
        <realUser />
        <ip>80.191.2.222</ip>
        <node />
        <extraData />
        <canceled state="false" />
        <reputes />
    </action>
    <action>
        <id>206</id>
        <type>emailvalidation</type>
        <date>2012-11-12 01:17:11</date>
        <user>3</user>
        <realUser />
        <ip>80.191.2.222</ip>
        <node />
        <extraData />
        <canceled state="false" />
        <reputes>
            <repute byCanceled="false">
                <user>3</user>
                <value>10</value>
            </repute>
        </reputes>
    </action>
    <action>
        <id>207</id>
        <type>userlogin</type>
        <date>2012-11-12 01:17:11</date>
        <user>3</user>
        <realUser />
        <ip>80.191.2.222</ip>
        <node />
        <extraData />
        <canceled state="false" />
        <reputes />
    </action>
    <action>
        <id>208</id>
        <type>userjoins</type>
        <date>2012-11-12 02:38:40</date>
        <user>30</user>
        <realUser />
        <ip>80.191.2.222</ip>
        <node />
        <extraData />
        <canceled state="false" />
        <reputes>
            <repute byCanceled="false">
                <user>30</user>
                <value>1</value>
            </repute>
        </reputes>
    </action>
    <action>
        <id>209</id>
        <type>userlogin</type>
        <date>2012-11-12 02:38:43</date>
        <user>30</user>
        <realUser />
        <ip>80.191.2.222</ip>
        <node />
        <extraData />
        <canceled state="false" />
        <reputes />
    </action>
    <action>
        <id>210</id>
        <type>ask</type>
        <date>2012-11-12 02:40:17</date>
        <user>30</user>
        <realUser />
        <ip>80.191.2.222</ip>
        <node>18</node>
        <extraData />
        <canceled state="false" />
        <reputes />
    </action>
    <action>
        <id>211</id>
        <type>emailvalidation</type>
        <date>2012-11-12 02:47:44</date>
        <user>30</user>
        <realUser />
        <ip>80.191.2.222</ip>
        <node />
        <extraData />
        <canceled state="false" />
        <reputes>
            <repute byCanceled="false">
                <user>30</user>
                <value>10</value>
            </repute>
        </reputes>
    </action>
    <action>
        <id>212</id>
        <type>award</type>
        <date>2012-11-12 02:47:44</date>
        <user>30</user>
        <realUser />
        <ip />
        <node />
        <extraData />
        <canceled state="false" />
        <reputes />
    </action>
    <action>
        <id>213</id>
        <type>userlogin</type>
        <date>2012-11-12 02:47:44</date>
        <user>30</user>
        <realUser />
        <ip>80.191.2.222</ip>
        <node />
        <extraData />
        <canceled state="false" />
        <reputes />
    </action>
    <action>
        <id>214</id>
        <type>userjoins</type>
        <date>2012-11-12 03:10:59</date>
        <user>31</user>
        <realUser />
        <ip>80.191.2.222</ip>
        <node />
        <extraData />
        <canceled state="false" />
        <reputes>
            <repute byCanceled="false">
                <user>31</user>
                <value>1</value>
            </repute>
        </reputes>
    </action>
    <action>
        <id>215</id>
        <type>userlogin</type>
        <date>2012-11-12 03:11:01</date>
        <user>31</user>
        <realUser />
        <ip>80.191.2.222</ip>
        <node />
        <extraData />
        <canceled state="false" />
        <reputes />
    </action>
    <action>
        <id>216</id>
        <type>emailvalidation</type>
        <date>2012-11-12 03:11:24</date>
        <user>31</user>
        <realUser />
        <ip>80.191.2.222</ip>
        <node />
        <extraData />
        <canceled state="false" />
        <reputes>
            <repute byCanceled="false">
                <user>31</user>
                <value>10</value>
            </repute>
        </reputes>
    </action>
    <action>
        <id>217</id>
        <type>award</type>
        <date>2012-11-12 03:11:24</date>
        <user>31</user>
        <realUser />
        <ip />
        <node />
        <extraData />
        <canceled state="false" />
        <reputes />
    </action>
    <action>
        <id>218</id>
        <type>userlogin</type>
        <date>2012-11-12 03:11:24</date>
        <user>31</user>
        <realUser />
        <ip>80.191.2.222</ip>
        <node />
        <extraData />
        <canceled state="false" />
        <reputes />
    </action>
    <action>
        <id>219</id>
        <type>answer</type>
        <date>2012-11-12 03:16:27</date>
        <user>31</user>
        <realUser />
        <ip>80.191.2.222</ip>
        <node>19</node>
        <extraData />
        <canceled state="false" />
        <reputes />
    </action>
    <action>
        <id>220</id>
        <type>userlogin</type>
        <date>2012-11-12 03:17:17</date>
        <user>11</user>
        <realUser />
        <ip>80.191.2.222</ip>
        <node />
        <extraData />
        <canceled state="false" />
        <reputes />
    </action>
    <action>
        <id>221</id>
        <type>ask</type>
        <date>2012-11-12 03:17:18</date>
        <user>11</user>
        <realUser />
        <ip>80.191.2.222</ip>
        <node>20</node>
        <extraData />
        <canceled state="false" />
        <reputes />
    </action>
    <action>
        <id>222</id>
        <type>ask</type>
        <date>2012-11-12 03:21:31</date>
        <user>11</user>
        <realUser />
        <ip>80.191.2.222</ip>
        <node>21</node>
        <extraData />
        <canceled state="false" />
        <reputes />
    </action>
    <action>
        <id>223</id>
        <type>ask</type>
        <date>2012-11-12 03:21:44</date>
        <user>31</user>
        <realUser />
        <ip>80.191.2.222</ip>
        <node>22</node>
        <extraData />
        <canceled state="false" />
        <reputes />
    </action>
    <action>
        <id>224</id>
        <type>userlogin</type>
        <date>2012-11-12 05:02:44</date>
        <user>3</user>
        <realUser />
        <ip>80.191.2.222</ip>
        <node />
        <extraData />
        <canceled state="false" />
        <reputes />
    </action>
    <action>
        <id>225</id>
        <type>userjoins</type>
        <date>2012-11-12 05:23:55</date>
        <user>32</user>
        <realUser />
        <ip />
        <node />
        <extraData />
        <canceled state="false" />
        <reputes>
            <repute byCanceled="false">
                <user>32</user>
                <value>1</value>
            </repute>
        </reputes>
    </action>
    <action>
        <id>226</id>
        <type>answer</type>
        <date>2012-11-12 07:06:28</date>
        <user>30</user>
        <realUser />
        <ip>80.191.2.222</ip>
        <node>23</node>
        <extraData />
        <canceled state="false" />
        <reputes />
    </action>
    <action>
        <id>227</id>
        <type>answer</type>
        <date>2012-11-12 07:07:28</date>
        <user>30</user>
        <realUser />
        <ip>80.191.2.222</ip>
        <node>24</node>
        <extraData />
        <canceled state="false" />
        <reputes />
    </action>
    <action>
        <id>228</id>
        <type>delete</type>
        <date>2012-11-12 07:07:57</date>
        <user>30</user>
        <realUser />
        <ip>80.191.2.222</ip>
        <node>24</node>
        <extraData />
        <canceled state="true">
            <user>30</user>
            <ip>80.191.2.222</ip>
            <date>2012-11-12 07:08:02</date>
        </canceled>
        <reputes />
    </action>
    <action>
        <id>229</id>
        <type>delete</type>
        <date>2012-11-12 07:08:59</date>
        <user>30</user>
        <realUser />
        <ip>80.191.2.222</ip>
        <node>24</node>
        <extraData />
        <canceled state="false" />
        <reputes />
    </action>
    <action>
        <id>230</id>
        <type>userjoins</type>
        <date>2012-11-12 08:21:06</date>
        <user>33</user>
        <realUser />
        <ip>67.214.168.158</ip>
        <node />
        <extraData />
        <canceled state="false" />
        <reputes>
            <repute byCanceled="false">
                <user>33</user>
                <value>1</value>
            </repute>
        </reputes>
    </action>
    <action>
        <id>231</id>
        <type>userlogin</type>
        <date>2012-11-12 08:21:08</date>
        <user>33</user>
        <realUser />
        <ip>67.214.168.158</ip>
        <node />
        <extraData />
        <canceled state="false" />
        <reputes />
    </action>
    <action>
        <id>232</id>
        <type>emailvalidation</type>
        <date>2012-11-12 08:41:21</date>
        <user>33</user>
        <realUser />
        <ip>173.242.118.178</ip>
        <node />
        <extraData />
        <canceled state="false" />
        <reputes>
            <repute byCanceled="false">
                <user>33</user>
                <value>10</value>
            </repute>
        </reputes>
    </action>
    <action>
        <id>233</id>
        <type>award</type>
        <date>2012-11-12 08:41:21</date>
        <user>33</user>
        <realUser />
        <ip />
        <node />
        <extraData />
        <canceled state="false" />
        <reputes />
    </action>
    <action>
        <id>234</id>
        <type>userlogin</type>
        <date>2012-11-12 08:41:21</date>
        <user>33</user>
        <realUser />
        <ip>173.242.118.178</ip>
        <node />
        <extraData />
        <canceled state="false" />
        <reputes />
    </action>
    <action>
        <id>235</id>
        <type>userlogin</type>
        <date>2012-11-12 08:52:21</date>
        <user>33</user>
        <realUser />
        <ip>67.214.168.158</ip>
        <node />
        <extraData />
        <canceled state="false" />
        <reputes />
    </action>
    <action>
        <id>236</id>
        <type>userlogin</type>
        <date>2012-11-12 10:49:11</date>
        <user>32</user>
        <realUser />
        <ip>78.39.210.214</ip>
        <node />
        <extraData />
        <canceled state="false" />
        <reputes />
    </action>
    <action>
        <id>237</id>
        <type>userlogin</type>
        <date>2012-11-12 12:33:56</date>
        <user>32</user>
        <realUser />
        <ip>78.39.210.214</ip>
        <node />
        <extraData />
        <canceled state="false" />
        <reputes />
    </action>
    <action>
        <id>238</id>
        <type>userlogin</type>
        <date>2012-11-12 12:35:09</date>
        <user>32</user>
        <realUser />
        <ip>78.39.210.214</ip>
        <node />
        <extraData />
        <canceled state="false" />
        <reputes />
    </action>
</actions>