<?xml version='1.0' encoding='UTF-8'?>

<nodes>
    <node>
        <id>1</id>
        <type>question</type>
        <author>2</author>
        <date>2012-10-23 15:25:19</date>
        <parent />
        <absparent />
        <lastactivity>
            <by>2</by>
            <at>2012-10-23 15:25:19</at>
        </lastactivity>
        <title>test for as.xamin.ir</title>
        <body>&lt;p&gt;test for as.xamin.ir &lt;/p&gt;</body>
        <score />
        <tags>
            <tag>test</tag>
        </tags>
        <revisions active="1">
            <revision>
                <number>1</number>
                <summary />
                <author>2</author>
                <date>2012-10-23 15:25:19</date>
                <title>test for as.xamin.ir</title>
                <body>test for as.xamin.ir </body>
                <tags>test</tags>
            </revision>
        </revisions>
        <marked>false</marked>
        <wiki>false</wiki>
        <extraRef />
        <extraData />
        <extraCount>1</extraCount>
    </node>
    <node>
        <id>2</id>
        <type>question</type>
        <author>2</author>
        <date>2012-10-24 05:38:48</date>
        <parent />
        <absparent />
        <lastactivity>
            <by>2</by>
            <at>2012-10-24 16:03:30</at>
        </lastactivity>
        <title>این یک تست است</title>
        <body>&lt;p&gt;این یک تست است&lt;/p&gt;</body>
        <score />
        <tags>
            <tag>تست</tag>
        </tags>
        <revisions active="1">
            <revision>
                <number>1</number>
                <summary />
                <author>2</author>
                <date>2012-10-24 05:38:48</date>
                <title>این یک تست است</title>
                <body>این یک تست است</body>
                <tags>تست</tags>
            </revision>
        </revisions>
        <marked>true</marked>
        <wiki>false</wiki>
        <extraRef />
        <extraData />
        <extraCount>6</extraCount>
    </node>
    <node>
        <id>3</id>
        <type>question</type>
        <author>7</author>
        <date>2012-10-28 09:16:05</date>
        <parent />
        <absparent />
        <lastactivity>
            <by>3</by>
            <at>2012-11-01 03:48:24</at>
        </lastactivity>
        <title>Just how much must i pay to SEO Company for my annual project?</title>
        <body>&lt;p&gt;I need to employ a wonderful  &lt;a href="http://mpmarketingsolutions.com"&gt;seo firms&lt;/a&gt;  business that can do ideal SEO for my internet site for nearly one year. How much should I be paying for getting these types of services?&lt;/p&gt;
        </body>
        <score />
        <tags>
            <tag>seo</tag>
            <tag>other</tag>
            <tag>help</tag>
        </tags>
        <revisions active="1">
            <revision>
                <number>1</number>
                <summary />
                <author>7</author>
                <date>2012-10-28 09:16:05</date>
                <title>Just how much must i pay to SEO Company for my annual project?</title>
                <body>I need to employ a wonderful  &lt;a href="http://mpmarketingsolutions.com"&gt;seo firms&lt;/a&gt;  business that can do ideal SEO for my internet site for nearly one year. How much should I be paying for getting these types of services?
                </body>
                <tags>seo, other, help</tags>
            </revision>
        </revisions>
        <marked>true</marked>
        <wiki>false</wiki>
        <extraRef />
        <extraData />
        <extraCount>13</extraCount>
    </node>
    <node>
        <id>4</id>
        <type>question</type>
        <author>8</author>
        <date>2012-10-29 06:02:27</date>
        <parent />
        <absparent />
        <lastactivity>
            <by>8</by>
            <at>2012-10-29 06:02:27</at>
        </lastactivity>
        <title>What's the minimal salary necessary to obtain the cash advance loans online?</title>
        <body>&lt;p&gt;I would like some funds immediately and I am going to avail  &lt;a href="http://www.bestratedcashloans.com"&gt;cash loans online&lt;/a&gt;  service. What's the maximum quantity that I can be given? I want large sums of money and so i require these figures?&lt;/p&gt;
        </body>
        <score />
        <tags>
            <tag>personal</tag>
            <tag>problem</tag>
            <tag>other</tag>
        </tags>
        <revisions active="1">
            <revision>
                <number>1</number>
                <summary />
                <author>8</author>
                <date>2012-10-29 06:02:27</date>
                <title>What's the minimal salary necessary to obtain the cash advance loans online?</title>
                <body>I would like some funds immediately and I am going to avail  &lt;a href="http://www.bestratedcashloans.com"&gt;cash loans online&lt;/a&gt;  service. What's the maximum quantity that I can be given? I want large sums of money and so i require these figures?
                </body>
                <tags>personal, problem, other</tags>
            </revision>
        </revisions>
        <marked>false</marked>
        <wiki>false</wiki>
        <extraRef />
        <extraData />
        <extraCount>8</extraCount>
    </node>
    <node>
        <id>5</id>
        <type>question</type>
        <author>5</author>
        <date>2012-10-29 06:23:34</date>
        <parent />
        <absparent />
        <lastactivity>
            <by>5</by>
            <at>2012-10-29 06:23:34</at>
        </lastactivity>
        <title>Check out the sitedg make your life easf sfs fsdfsdfdy. Check it out!</title>
        <body>&lt;p&gt;Check out sdfsdfsdfsdsfdf Check it out!Seo software isdsfsfsdfs can make your life easy. Check it out!Seo software is amazing. It can make your life easy. Check it out! Seo software is amazing. It can make your life easy. Check it out!&lt;/p&gt;
        </body>
        <score>1</score>
        <tags>
            <tag>auto</tag>
            <tag>entertainment</tag>
            <tag>general</tag>
        </tags>
        <revisions active="1">
            <revision>
                <number>1</number>
                <summary />
                <author>5</author>
                <date>2012-10-29 06:23:34</date>
                <title>Check out the sitedg make your life easf sfs fsdfsdfdy. Check it out!</title>
                <body>Check out sdfsdfsdfsdsfdf Check it out!Seo software isdsfsfsdfs can make your life easy. Check it out!Seo software is amazing. It can make your life easy. Check it out! Seo software is amazing. It can make your life easy. Check it out!
                </body>
                <tags>auto, entertainment, general</tags>
            </revision>
        </revisions>
        <marked>false</marked>
        <wiki>false</wiki>
        <extraRef />
        <extraData />
        <extraCount>7</extraCount>
    </node>
    <node>
        <id>6</id>
        <type>question</type>
        <author>9</author>
        <date>2012-10-30 00:48:16</date>
        <parent />
        <absparent />
        <lastactivity>
            <by>9</by>
            <at>2012-10-30 00:48:16</at>
        </lastactivity>
        <title>How to take advantage of downtrend?</title>
        <body>&lt;p&gt;How to take advantage of downtrend? &lt;/p&gt;</body>
        <score />
        <tags>
            <tag>downtrend</tag>
        </tags>
        <revisions active="1">
            <revision>
                <number>1</number>
                <summary />
                <author>9</author>
                <date>2012-10-30 00:48:16</date>
                <title>How to take advantage of downtrend?</title>
                <body>How to take advantage of downtrend? </body>
                <tags>downtrend</tags>
            </revision>
        </revisions>
        <marked>false</marked>
        <wiki>false</wiki>
        <extraRef />
        <extraData />
        <extraCount>4</extraCount>
    </node>
    <node>
        <id>7</id>
        <type>question</type>
        <author>11</author>
        <date>2012-10-30 09:57:48</date>
        <parent />
        <absparent />
        <lastactivity>
            <by>3</by>
            <at>2012-10-31 04:10:22</at>
        </lastactivity>
        <title>testtttttttt</title>
        <body>&lt;p&gt;this is s test&lt;/p&gt;</body>
        <score />
        <tags>
            <tag>test</tag>
        </tags>
        <revisions active="1">
            <revision>
                <number>1</number>
                <summary />
                <author>11</author>
                <date>2012-10-30 09:57:48</date>
                <title>testtttttttt</title>
                <body>this is s test</body>
                <tags>test</tags>
            </revision>
        </revisions>
        <marked>false</marked>
        <wiki>false</wiki>
        <extraRef />
        <extraData />
        <extraCount>8</extraCount>
    </node>
    <node>
        <id>8</id>
        <type>question</type>
        <author>12</author>
        <date>2012-10-31 00:39:24</date>
        <parent />
        <absparent />
        <lastactivity>
            <by>31</by>
            <at>2012-11-12 03:16:27</at>
        </lastactivity>
        <title>چرا برای استفاده از Archiple  باید یک  contact بسازم؟</title>
        <body>&lt;p&gt;چرا برای استفاده از Archiple  باید یک  contact بسازم؟ این موجودیت برایم مفهوم نیست مثل دفترچه تلفن است که نام ادمین‌های مدیران در آن می‌آید و مجوز‌های دسترسی برای آن تعریف می‌کنیم؟&lt;/p&gt;
        </body>
        <score />
        <tags>
            <tag>ding</tag>
            <tag>آرچیپل</tag>
            <tag>archiple</tag>
            <tag>support</tag>
        </tags>
        <revisions active="2">
            <revision>
                <number>1</number>
                <summary />
                <author>12</author>
                <date>2012-10-31 00:39:24</date>
                <title>چرا برای استفاده از Archiple  باید یک  contact بسازم؟</title>
                <body>چرا برای استفاده از Archiple  باید یک  contact بسازم؟</body>
                <tags>آرچیپل, archiple, support</tags>
            </revision>
            <revision>
                <number>2</number>
                <summary />
                <author>12</author>
                <date>2012-11-10 02:11:56</date>
                <title>چرا برای استفاده از Archiple  باید یک  contact بسازم؟</title>
                <body>چرا برای استفاده از Archiple  باید یک  contact بسازم؟ این موجودیت برایم مفهوم نیست مثل دفترچه تلفن است که نام ادمین‌های مدیران در آن می‌آید و مجوز‌های دسترسی برای آن تعریف می‌کنیم؟

                </body>
                <tags>ding, آرچیپل, archiple, support</tags>
            </revision>
        </revisions>
        <marked>false</marked>
        <wiki>false</wiki>
        <extraRef />
        <extraData />
        <extraCount>30</extraCount>
    </node>
    <node>
        <id>9</id>
        <type>question</type>
        <author>12</author>
        <date>2012-10-31 00:41:46</date>
        <parent />
        <absparent />
        <lastactivity>
            <by>12</by>
            <at>2012-11-11 07:51:50</at>
        </lastactivity>
        <title>مشکل نصب زمین بر روی سرور‌های Blade</title>
        <body>&lt;p&gt;من یک سرور Blade  ۶۴ بیتی vt support دارم اما زمین بر روی آن نصب نشد! دلیل چیست؟&lt;/p&gt;</body>
        <score />
        <tags>
            <tag>installation</tag>
            <tag>64bit</tag>
            <tag>vt</tag>
            <tag>support</tag>
        </tags>
        <revisions active="1">
            <revision>
                <number>1</number>
                <summary />
                <author>12</author>
                <date>2012-10-31 00:41:46</date>
                <title>مشکل نصب زمین بر روی سرور‌های Blade</title>
                <body>من یک سرور Blade  ۶۴ بیتی vt support دارم اما زمین بر روی آن نصب نشد! دلیل چیست؟</body>
                <tags>installation, 64bit, vt, support</tags>
            </revision>
        </revisions>
        <marked>false</marked>
        <wiki>false</wiki>
        <extraRef />
        <extraData />
        <extraCount>54</extraCount>
    </node>
    <node>
        <id>10</id>
        <type>answer</type>
        <author>3</author>
        <date>2012-10-31 04:10:22</date>
        <parent>7</parent>
        <absparent>7</absparent>
        <lastactivity>
            <by>3</by>
            <at>2012-10-31 04:10:22</at>
        </lastactivity>
        <title />
        <body>&lt;p&gt;test answer&lt;/p&gt;</body>
        <score />
        <tags />
        <revisions active="1">
            <revision>
                <number>1</number>
                <summary />
                <author>3</author>
                <date>2012-10-31 04:10:22</date>
                <title />
                <body>test answer</body>
                <tags />
            </revision>
        </revisions>
        <marked>false</marked>
        <wiki>false</wiki>
        <extraRef />
        <extraData />
        <extraCount />
    </node>
    <node>
        <id>11</id>
        <type>question</type>
        <author>3</author>
        <date>2012-11-04 05:35:48</date>
        <parent />
        <absparent />
        <lastactivity>
            <by>3</by>
            <at>2012-11-04 05:35:48</at>
        </lastactivity>
        <title>منشسیبشسیبشسیبشسیبشسیب</title>
        <body>&lt;p&gt;شسیبشسیبشسیبشسیبشسیبشسیب&lt;/p&gt;</body>
        <score />
        <tags>
            <tag>test</tag>
            <tag>دلالل</tag>
        </tags>
        <revisions active="1">
            <revision>
                <number>1</number>
                <summary />
                <author>3</author>
                <date>2012-11-04 05:35:48</date>
                <title>منشسیبشسیبشسیبشسیبشسیب</title>
                <body>شسیبشسیبشسیبشسیبشسیبشسیب</body>
                <tags>test, دلالل</tags>
            </revision>
        </revisions>
        <marked>false</marked>
        <wiki>false</wiki>
        <extraRef />
        <extraData />
        <extraCount>1</extraCount>
    </node>
    <node>
        <id>12</id>
        <type>answer</type>
        <author>26</author>
        <date>2012-11-06 01:26:45</date>
        <parent>9</parent>
        <absparent>9</absparent>
        <lastactivity>
            <by>12</by>
            <at>2012-11-10 02:08:14</at>
        </lastactivity>
        <title />
        <body>&lt;p&gt;آیا خطایی دریافت کردید؟&lt;/p&gt;</body>
        <score>1</score>
        <tags />
        <revisions active="1">
            <revision>
                <number>1</number>
                <summary />
                <author>26</author>
                <date>2012-11-06 01:26:45</date>
                <title />
                <body>آیا خطایی دریافت کردید؟
</body>
                <tags />
            </revision>
        </revisions>
        <marked>true</marked>
        <wiki>false</wiki>
        <extraRef />
        <extraData />
        <extraCount />
    </node>
    <node>
        <id>13</id>
        <type>comment</type>
        <author>12</author>
        <date>2012-11-10 02:08:14</date>
        <parent>12</parent>
        <absparent>9</absparent>
        <lastactivity>
            <by>12</by>
            <at>2012-11-10 02:08:14</at>
        </lastactivity>
        <title />
        <body>&lt;p&gt;بله خطای  vt support   داشتم این درحالی است که در مشخصات سرور فوق  پردازشگر  vt support است البته من نتونیستم داخل بایوس گزینه فعال سازی مجازی سازی را پیدا کنم&lt;/p&gt;
&lt;p&gt;زمین نصب شده ۱.۰.۴ بوده است&lt;/p&gt;
        </body>
        <score />
        <tags />
        <revisions active="1">
            <revision>
                <number>1</number>
                <summary />
                <author>12</author>
                <date>2012-11-10 02:08:14</date>
                <title />
                <body>بله خطای  vt support   داشتم این درحالی است که در مشخصات سرور فوق  پردازشگر  vt support است البته من نتونیستم داخل بایوس گزینه فعال سازی مجازی سازی را پیدا کنم

زمین نصب شده ۱.۰.۴ بوده است
                </body>
                <tags />
            </revision>
        </revisions>
        <marked>false</marked>
        <wiki>false</wiki>
        <extraRef />
        <extraData />
        <extraCount />
    </node>
    <node>
        <id>14</id>
        <type>question</type>
        <author>29</author>
        <date>2012-11-11 03:50:45</date>
        <parent />
        <absparent />
        <lastactivity>
            <by>29</by>
            <at>2012-11-11 04:21:15</at>
        </lastactivity>
        <title>فعال نبودن hypervisor</title>
        <body>&lt;p&gt;هنگام ورود به آرچیپل وضعیت hypervisor خاموش(offline) است!
برای حل این مشکل چه باید کرد؟&lt;/p&gt;</body>
        <score />
        <tags>
            <tag>test</tag>
        </tags>
        <revisions active="1">
            <revision>
                <number>1</number>
                <summary />
                <author>29</author>
                <date>2012-11-11 03:50:45</date>
                <title>فعال نبودن hypervisor</title>
                <body>هنگام ورود به آرچیپل وضعیت hypervisor خاموش(offline) است!
برای حل این مشکل چه باید کرد؟</body>
                <tags>test</tags>
            </revision>
        </revisions>
        <marked>false</marked>
        <wiki>false</wiki>
        <extraRef />
        <extraData />
        <extraCount>20</extraCount>
    </node>
    <node>
        <id>15</id>
        <type>answer</type>
        <author>29</author>
        <date>2012-11-11 04:20:34</date>
        <parent>14</parent>
        <absparent>14</absparent>
        <lastactivity>
            <by>29</by>
            <at>2012-11-11 04:20:34</at>
        </lastactivity>
        <title />
        <body>&lt;p&gt;با اجرای دستور زیر
/etc/init.d/archipel start
و ورود و خروج به آرچیپل وضعیت به try to recover libvert connection تغییر کرد&lt;/p&gt;
        </body>
        <score />
        <tags />
        <revisions active="1">
            <revision>
                <number>1</number>
                <summary />
                <author>29</author>
                <date>2012-11-11 04:20:34</date>
                <title />
                <body>با اجرای دستور زیر
/etc/init.d/archipel start
و ورود و خروج به آرچیپل وضعیت به try to recover libvert connection تغییر کرد

                </body>
                <tags />
            </revision>
        </revisions>
        <marked>false</marked>
        <wiki>false</wiki>
        <extraRef />
        <extraData />
        <extraCount />
    </node>
    <node>
        <id>16</id>
        <type>comment</type>
        <author>29</author>
        <date>2012-11-11 04:21:15</date>
        <parent>14</parent>
        <absparent>14</absparent>
        <lastactivity>
            <by>29</by>
            <at>2012-11-11 04:21:15</at>
        </lastactivity>
        <title />
        <body>&lt;p&gt;با اجرای دستور زیر
/etc/init.d/archipel start
 و ورود و خروج به آرچیپل وضعیت به try to recover libvert connection تغییر کرد&lt;/p&gt;
        </body>
        <score />
        <tags />
        <revisions active="1">
            <revision>
                <number>1</number>
                <summary />
                <author>29</author>
                <date>2012-11-11 04:21:15</date>
                <title />
                <body>با اجرای دستور زیر
/etc/init.d/archipel start
 و ورود و خروج به آرچیپل وضعیت به try to recover libvert connection تغییر کرد</body>
                <tags />
            </revision>
        </revisions>
        <marked>false</marked>
        <wiki>false</wiki>
        <extraRef />
        <extraData />
        <extraCount />
    </node>
    <node>
        <id>17</id>
        <type>answer</type>
        <author>12</author>
        <date>2012-11-11 07:51:50</date>
        <parent>9</parent>
        <absparent>9</absparent>
        <lastactivity>
            <by>12</by>
            <at>2012-11-11 07:51:50</at>
        </lastactivity>
        <title />
        <body>&lt;p&gt;گویا ‌Blade motherboard  از vt !پشتیبانی نمی‌کند&lt;/p&gt;</body>
        <score />
        <tags />
        <revisions active="1">
            <revision>
                <number>1</number>
                <summary />
                <author>12</author>
                <date>2012-11-11 07:51:50</date>
                <title />
                <body>گویا ‌Blade motherboard  از vt !پشتیبانی نمی‌کند</body>
                <tags />
            </revision>
        </revisions>
        <marked>false</marked>
        <wiki>false</wiki>
        <extraRef />
        <extraData />
        <extraCount />
    </node>
    <node>
        <id>18</id>
        <type>question</type>
        <author>30</author>
        <date>2012-11-12 02:40:17</date>
        <parent />
        <absparent />
        <lastactivity>
            <by>30</by>
            <at>2012-11-12 02:40:17</at>
        </lastactivity>
        <title>نحوه‌ی نصب Drupal  روی اپلاینس xampp؟</title>
        <body>&lt;p&gt;من روی نسخه ۱.۱.۱ زمین اپلاینس xampp  رو نصب کردم اما نمی‌دانم چگونه می تونم drupal 6  را روی آن نصب کنم دسترسی من به ماشین مجازی فوق به چه شکل است؟&lt;/p&gt;
        </body>
        <score />
        <tags>
            <tag>test</tag>
            <tag>اپلاینس</tag>
            <tag>appliance</tag>
            <tag>support</tag>
        </tags>
        <revisions active="1">
            <revision>
                <number>1</number>
                <summary />
                <author>30</author>
                <date>2012-11-12 02:40:17</date>
                <title>نحوه‌ی نصب Drupal  روی اپلاینس xampp؟</title>
                <body>من روی نسخه ۱.۱.۱ زمین اپلاینس xampp  رو نصب کردم اما نمی‌دانم چگونه می تونم drupal 6  را روی آن نصب کنم دسترسی من به ماشین مجازی فوق به چه شکل است؟
                </body>
                <tags>test, اپلاینس, appliance, support</tags>
            </revision>
        </revisions>
        <marked>false</marked>
        <wiki>false</wiki>
        <extraRef />
        <extraData />
        <extraCount>4</extraCount>
    </node>
    <node>
        <id>19</id>
        <type>answer</type>
        <author>31</author>
        <date>2012-11-12 03:16:27</date>
        <parent>8</parent>
        <absparent>8</absparent>
        <lastactivity>
            <by>31</by>
            <at>2012-11-12 03:16:27</at>
        </lastactivity>
        <title />
        <body>&lt;p&gt;در نسخه‌های جدیدتر افزودن هایپروایزر اصلی به صورت خودکار هنگام نصب انجام می‌شود
در واقع پس از نصب شما هایپروایزر دارید و آماده استفاده است&lt;/p&gt;
        </body>
        <score />
        <tags />
        <revisions active="1">
            <revision>
                <number>1</number>
                <summary />
                <author>31</author>
                <date>2012-11-12 03:16:27</date>
                <title />
                <body>در نسخه‌های جدیدتر افزودن هایپروایزر اصلی به صورت خودکار هنگام نصب انجام می‌شود
در واقع پس از نصب شما هایپروایزر دارید و آماده استفاده است
                </body>
                <tags />
            </revision>
        </revisions>
        <marked>false</marked>
        <wiki>false</wiki>
        <extraRef />
        <extraData />
        <extraCount />
    </node>
    <node>
        <id>20</id>
        <type>question</type>
        <author>11</author>
        <date>2012-11-12 03:17:18</date>
        <parent />
        <absparent />
        <lastactivity>
            <by>11</by>
            <at>2012-11-12 03:17:18</at>
        </lastactivity>
        <title>?How do I access phpMyAdmin on XAMP</title>
        <body>&lt;p&gt;hi&lt;/p&gt;
&lt;p&gt;I installed xamp on vm but I don't know how can i access phpMyAdmin for setting up a database!&lt;/p&gt;</body>
        <score />
        <tags>
            <tag>test</tag>
        </tags>
        <revisions active="1">
            <revision>
                <number>1</number>
                <summary />
                <author>11</author>
                <date>2012-11-12 03:17:18</date>
                <title>?How do I access phpMyAdmin on XAMP</title>
                <body>hi

 I installed xamp on vm but I don't know how can i access phpMyAdmin for setting up a database!

</body>
                <tags>test</tags>
            </revision>
        </revisions>
        <marked>false</marked>
        <wiki>false</wiki>
        <extraRef />
        <extraData />
        <extraCount>5</extraCount>
    </node>
    <node>
        <id>21</id>
        <type>question</type>
        <author>11</author>
        <date>2012-11-12 03:21:31</date>
        <parent />
        <absparent />
        <lastactivity>
            <by>30</by>
            <at>2012-11-12 07:07:28</at>
        </lastactivity>
        <title>مشکل تگ‌ها</title>
        <body>&lt;p&gt;تگ ding یعنی چه؟!!!!
چرا فقط می‌شود از تگ ding  یا تست استفاده کرد؟&lt;/p&gt;</body>
        <score />
        <tags>
            <tag>ding</tag>
        </tags>
        <revisions active="1">
            <revision>
                <number>1</number>
                <summary />
                <author>11</author>
                <date>2012-11-12 03:21:31</date>
                <title>مشکل تگ‌ها</title>
                <body>تگ ding یعنی چه؟!!!!
چرا فقط می‌شود از تگ ding  یا تست استفاده کرد؟</body>
                <tags>ding</tags>
            </revision>
        </revisions>
        <marked>false</marked>
        <wiki>false</wiki>
        <extraRef />
        <extraData />
        <extraCount>9</extraCount>
    </node>
    <node>
        <id>22</id>
        <type>question</type>
        <author>31</author>
        <date>2012-11-12 03:21:44</date>
        <parent />
        <absparent />
        <lastactivity>
            <by>30</by>
            <at>2012-11-12 07:06:28</at>
        </lastactivity>
        <title>shell اپلاینس ها</title>
        <body>&lt;p&gt;چطور می‌توانیم به shell اپلاینس ها دسترسی داشته باشیم؟ &lt;/p&gt;</body>
        <score />
        <tags>
            <tag>test</tag>
        </tags>
        <revisions active="1">
            <revision>
                <number>1</number>
                <summary />
                <author>31</author>
                <date>2012-11-12 03:21:44</date>
                <title>shell اپلاینس ها</title>
                <body>چطور می‌توانیم به shell اپلاینس ها دسترسی داشته باشیم؟ </body>
                <tags>test</tags>
            </revision>
        </revisions>
        <marked>false</marked>
        <wiki>false</wiki>
        <extraRef />
        <extraData />
        <extraCount>5</extraCount>
    </node>
    <node>
        <id>23</id>
        <type>answer</type>
        <author>30</author>
        <date>2012-11-12 07:06:28</date>
        <parent>22</parent>
        <absparent>22</absparent>
        <lastactivity>
            <by>30</by>
            <at>2012-11-12 07:06:28</at>
        </lastactivity>
        <title />
        <body>&lt;p&gt;اط طریق vnc console موجود در آرچیپل &lt;/p&gt;
&lt;p&gt;&lt;a href="http://xamin.ir/wiki/index.php/%D8%B1%D8%A7%D9%87%D9%86%D9%85%D8%A7%DB%8C_%D8%B1%D8%A7%D8%A8%D8%B7_%DA%A9%D8%A7%D8%B1%D8%A8%D8%B1%DB%8C_%D9%86%D8%B1%D9%85%E2%80%8C%D8%A7%D9%81%D8%B2%D8%A7%D8%B1_%D8%B3%DB%8C%D8%B3%D8%AA%D9%85_%D9%85%D8%AF%DB%8C%D8%B1%DB%8C%D8%AA_%D8%B2%D9%85%DB%8C%D9%86_(%D8%A2%D8%B1%DA%86%DB%8C%D9%BE%D9%84)"&gt;http://xamin.ir/wiki/index.php/%D8%B1%D8%A7%D9%87%D9%86%D9%85%D8%A7%DB%8C_%D8%B1%D8%A7%D8%A8%D8%B7_%DA%A9%D8%A7%D8%B1%D8%A8%D8%B1%DB%8C_%D9%86%D8%B1%D9%85%E2%80%8C%D8%A7%D9%81%D8%B2%D8%A7%D8%B1_%D8%B3%DB%8C%D8%B3%D8%AA%D9%85_%D9%85%D8%AF%DB%8C%D8%B1%DB%8C%D8%AA_%D8%B2%D9%85%DB%8C%D9%86_(%D8%A2%D8%B1%DA%86%DB%8C%D9%BE%D9%84)&lt;/a&gt;&lt;/p&gt;
        </body>
        <score />
        <tags />
        <revisions active="1">
            <revision>
                <number>1</number>
                <summary />
                <author>30</author>
                <date>2012-11-12 07:06:28</date>
                <title />
                <body>اط طریق vnc console موجود در آرچیپل 

http://xamin.ir/wiki/index.php/%D8%B1%D8%A7%D9%87%D9%86%D9%85%D8%A7%DB%8C_%D8%B1%D8%A7%D8%A8%D8%B7_%DA%A9%D8%A7%D8%B1%D8%A8%D8%B1%DB%8C_%D9%86%D8%B1%D9%85%E2%80%8C%D8%A7%D9%81%D8%B2%D8%A7%D8%B1_%D8%B3%DB%8C%D8%B3%D8%AA%D9%85_%D9%85%D8%AF%DB%8C%D8%B1%DB%8C%D8%AA_%D8%B2%D9%85%DB%8C%D9%86_(%D8%A2%D8%B1%DA%86%DB%8C%D9%BE%D9%84)
                </body>
                <tags />
            </revision>
        </revisions>
        <marked>false</marked>
        <wiki>false</wiki>
        <extraRef />
        <extraData />
        <extraCount />
    </node>
    <node>
        <id>24</id>
        <type>answer</type>
        <author>30</author>
        <date>2012-11-12 07:07:28</date>
        <parent>21</parent>
        <absparent>21</absparent>
        <lastactivity>
            <by>30</by>
            <at>2012-11-12 07:07:28</at>
        </lastactivity>
        <title />
        <body>&lt;p&gt;شما می‌توانید تگ خودتان را تعریف کنید به عنوان مثال الآن من سوال شما را ویرایش کردم و تگ عمومی و بحث به آن دادم&lt;/p&gt;</body>
        <score />
        <tags />
        <revisions active="1">
            <revision>
                <number>1</number>
                <summary />
                <author>30</author>
                <date>2012-11-12 07:07:28</date>
                <title />
                <body>شما می‌توانید تگ خودتان را تعریف کنید به عنوان مثال الآن من سوال شما را ویرایش کردم و تگ عمومی و بحث به آن دادم</body>
                <tags />
            </revision>
        </revisions>
        <marked>false</marked>
        <wiki>false</wiki>
        <extraRef />
        <extraData />
        <extraCount />
    </node>
</nodes>