<?xml version='1.0' encoding='UTF-8'?>

<users>
    <user>
        <id>2</id>
        <username>simin</username>
        <password>sha1$80cc0$23e688b43d948a329e54bde1b98e8ab8e1b1c13b</password>
        <email validated="false">bahrami@parspooyesh.com</email>
        <reputation>1</reputation>
        <badges bronze="0" gold="0" silver="0" />
        <joindate>2012-10-23 10:54:05</joindate>
        <active>true</active>
        <realname />
        <bio />
        <location />
        <website />
        <birthdate />
        <roles>
            <role>superuser</role>
            <role>moderator</role>
        </roles>
        <authKeys />
        <watchedTags />
        <rejectedTags />
    </user>
    <user>
        <id>3</id>
        <username>torkaman</username>
        <password>sha1$d555b$791cb7243075d8a6d74a38f80cd8df054dc60e86</password>
        <email validated="true">torkamanzadeh@parspooyesh.com</email>
        <reputation>21</reputation>
        <badges bronze="2" gold="0" silver="0" />
        <joindate>2012-10-23 14:00:36</joindate>
        <active>true</active>
        <realname>مهیار ترکمن زاده</realname>
        <bio />
        <location />
        <website />
        <birthdate />
        <roles>
            <role>superuser</role>
        </roles>
        <authKeys />
        <notifications enabled="true">
            <notify member_joins="false" new_question="false" new_question_watched_tags="true" subscribed_questions="true" />
            <autoSubscribe all_questions="false" all_questions_watched_tags="false" questions_answered="false" questions_asked="false" questions_commented="false" questions_viewed="false" />
            <notifyOnSubscribed accepted="false" answers="true" comments="false" comments_own_post="true" reply_to_comments="true" />
            <digest>on</digest>
        </notifications>
        <watchedTags />
        <rejectedTags />
    </user>
    <user>
        <id>5</id>
        <username>anonymouss</username>
        <password>sha1$181c8$b380f1db6d9c951aebd738f819d4e5b91f7df7cb</password>
        <email validated="false">oexoagerad@seonuke.info</email>
        <reputation>11</reputation>
        <badges bronze="0" gold="0" silver="0" />
        <joindate>2012-10-25 03:53:04</joindate>
        <active>false</active>
        <realname />
        <bio />
        <location />
        <website />
        <birthdate />
        <roles />
        <authKeys />
        <watchedTags />
        <rejectedTags />
    </user>
    <user>
        <id>6</id>
        <username>sharifian</username>
        <password>sha1$ae60d$1f9af8c88542f3bdbebcbe448221674ae1f6daf1</password>
        <email validated="true">maryam.sharifian88@yahoo.com</email>
        <reputation>11</reputation>
        <badges bronze="1" gold="0" silver="0" />
        <joindate>2012-10-27 07:16:18</joindate>
        <active>true</active>
        <realname />
        <bio />
        <location />
        <website />
        <birthdate />
        <roles>
            <role>superuser</role>
            <role>moderator</role>
        </roles>
        <authKeys />
        <notifications enabled="true">
            <notify member_joins="false" new_question="false" new_question_watched_tags="true" subscribed_questions="true" />
            <autoSubscribe all_questions="false" all_questions_watched_tags="false" questions_answered="false" questions_asked="false" questions_commented="false" questions_viewed="false" />
            <notifyOnSubscribed accepted="false" answers="true" comments="false" comments_own_post="true" reply_to_comments="true" />
            <digest>on</digest>
        </notifications>
        <watchedTags />
        <rejectedTags />
    </user>
    <user>
        <id>7</id>
        <username>panvies</username>
        <password>sha1$3483c$13b4a4032660ec8c2041f5861a290b227ecf99a8</password>
        <email validated="false">theokanekoxv8@hotmail.com</email>
        <reputation>1</reputation>
        <badges bronze="0" gold="0" silver="0" />
        <joindate>2012-10-28 08:47:06</joindate>
        <active>false</active>
        <realname />
        <bio />
        <location />
        <website />
        <birthdate />
        <roles />
        <authKeys />
        <watchedTags />
        <rejectedTags />
    </user>
    <user>
        <id>8</id>
        <username>oembibk</username>
        <password>sha1$55715$8e0061482a869700c40336686fad0d472704e3c6</password>
        <email validated="false">shamekaitri8@hotmail.com</email>
        <reputation>1</reputation>
        <badges bronze="0" gold="0" silver="0" />
        <joindate>2012-10-29 05:34:20</joindate>
        <active>false</active>
        <realname />
        <bio />
        <location />
        <website />
        <birthdate />
        <roles />
        <authKeys />
        <watchedTags />
        <rejectedTags />
    </user>
    <user>
        <id>9</id>
        <username>TAYLOR</username>
        <password>sha1$38599$002e090adbdd3ee7cb0457f06ad410d5652752e9</password>
        <email validated="false">kenn6629@gmail.com</email>
        <reputation>1</reputation>
        <badges bronze="0" gold="0" silver="0" />
        <joindate>2012-10-30 00:47:43</joindate>
        <active>false</active>
        <realname />
        <bio />
        <location />
        <website />
        <birthdate />
        <roles />
        <authKeys />
        <watchedTags />
        <rejectedTags />
    </user>
    <user>
        <id>10</id>
        <username>tannaz</username>
        <password>sha1$e34b0$c83a008af24d4bc0881297a32026d6ec0d7d683d</password>
        <email validated="true">ganji@parspooyesh.com</email>
        <reputation>11</reputation>
        <badges bronze="1" gold="0" silver="0" />
        <joindate>2012-10-30 03:46:12</joindate>
        <active>true</active>
        <realname />
        <bio />
        <location />
        <website />
        <birthdate />
        <roles />
        <authKeys />
        <notifications enabled="true">
            <notify member_joins="false" new_question="false" new_question_watched_tags="true" subscribed_questions="true" />
            <autoSubscribe all_questions="false" all_questions_watched_tags="false" questions_answered="false" questions_asked="false" questions_commented="false" questions_viewed="false" />
            <notifyOnSubscribed accepted="false" answers="true" comments="false" comments_own_post="true" reply_to_comments="true" />
            <digest>on</digest>
        </notifications>
        <watchedTags />
        <rejectedTags />
    </user>
    <user>
        <id>11</id>
        <username>hhh</username>
        <password>!</password>
        <email validated="true">hoorya.tabar@gmail.com</email>
        <reputation>1</reputation>
        <badges bronze="0" gold="0" silver="0" />
        <joindate>2012-10-30 09:57:45</joindate>
        <active>true</active>
        <realname>hoorya</realname>
        <bio />
        <location />
        <website />
        <birthdate />
        <roles />
        <authKeys>
            <key>
                <provider>google</provider>
                <key>https://www.google.com/accounts/o8/id?id=AItOawmhNDrNoTuD2UNfw4mzO45bpgD2jybT-Pw</key>
            </key>
        </authKeys>
        <notifications enabled="true">
            <notify member_joins="false" new_question="false" new_question_watched_tags="true" subscribed_questions="true" />
            <autoSubscribe all_questions="false" all_questions_watched_tags="false" questions_answered="false" questions_asked="false" questions_commented="false" questions_viewed="false" />
            <notifyOnSubscribed accepted="false" answers="true" comments="false" comments_own_post="true" reply_to_comments="true" />
            <digest>on</digest>
        </notifications>
        <watchedTags />
        <rejectedTags />
    </user>
    <user>
        <id>12</id>
        <username>محمد رفیعی</username>
        <password>!</password>
        <email validated="true">m.rafieee@gmail.com</email>
        <reputation>3</reputation>
        <badges bronze="1" gold="0" silver="0" />
        <joindate>2012-10-31 00:36:58</joindate>
        <active>true</active>
        <realname>محمد رفیعی</realname>
        <bio />
        <location />
        <website />
        <birthdate />
        <roles />
        <authKeys>
            <key>
                <provider>google</provider>
                <key>https://www.google.com/accounts/o8/id?id=AItOawmysPRSlYZY_fS3qFSX-T67e7gHyiA5z_0</key>
            </key>
        </authKeys>
        <notifications enabled="true">
            <notify member_joins="false" new_question="false" new_question_watched_tags="true" subscribed_questions="true" />
            <autoSubscribe all_questions="false" all_questions_watched_tags="false" questions_answered="false" questions_asked="false" questions_commented="false" questions_viewed="false" />
            <notifyOnSubscribed accepted="false" answers="true" comments="false" comments_own_post="true" reply_to_comments="true" />
            <digest>on</digest>
        </notifications>
        <watchedTags />
        <rejectedTags />
    </user>
    <user>
        <id>25</id>
        <username>didu</username>
        <password>sha1$872d0$7b32be93dc92d9ed3557bda17455e80df61c6820</password>
        <email validated="true">niloufar_ghader@yahoo.com</email>
        <reputation>11</reputation>
        <badges bronze="1" gold="0" silver="0" />
        <joindate>2012-11-04 07:35:10</joindate>
        <active>true</active>
        <realname />
        <bio />
        <location />
        <website />
        <birthdate />
        <roles />
        <authKeys />
        <notifications enabled="true">
            <notify member_joins="false" new_question="false" new_question_watched_tags="true" subscribed_questions="true" />
            <autoSubscribe all_questions="false" all_questions_watched_tags="false" questions_answered="false" questions_asked="false" questions_commented="false" questions_viewed="false" />
            <notifyOnSubscribed accepted="false" answers="true" comments="false" comments_own_post="true" reply_to_comments="true" />
            <digest>on</digest>
        </notifications>
        <watchedTags />
        <rejectedTags />
    </user>
    <user>
        <id>26</id>
        <username>Armin</username>
        <password>sha1$96b19$dd1829b93719b438d7e39489555916c81f51d937</password>
        <email validated="true">ranjbar@parspooyesh.com</email>
        <reputation>36</reputation>
        <badges bronze="1" gold="0" silver="0" />
        <joindate>2012-11-06 01:23:42</joindate>
        <active>true</active>
        <realname />
        <bio />
        <location />
        <website />
        <birthdate />
        <roles />
        <authKeys />
        <notifications enabled="true">
            <notify member_joins="false" new_question="false" new_question_watched_tags="true" subscribed_questions="true" />
            <autoSubscribe all_questions="false" all_questions_watched_tags="false" questions_answered="false" questions_asked="false" questions_commented="false" questions_viewed="false" />
            <notifyOnSubscribed accepted="false" answers="true" comments="false" comments_own_post="true" reply_to_comments="true" />
            <digest>on</digest>
        </notifications>
        <watchedTags />
        <rejectedTags />
    </user>
    <user>
        <id>27</id>
        <username>mostafa</username>
        <password>sha1$7ef33$4f64a0301efd0aabd5180dcc735886bfeae4e308</password>
        <email validated="true">mostafa.daneshvar@gmail.com</email>
        <reputation>11</reputation>
        <badges bronze="1" gold="0" silver="0" />
        <joindate>2012-11-07 15:33:58</joindate>
        <active>true</active>
        <realname>Mostafa</realname>
        <bio />
        <location />
        <website>http://mostafadaneshvar.com/</website>
        <birthdate />
        <roles />
        <authKeys />
        <notifications enabled="true">
            <notify member_joins="false" new_question="false" new_question_watched_tags="true" subscribed_questions="true" />
            <autoSubscribe all_questions="false" all_questions_watched_tags="false" questions_answered="false" questions_asked="false" questions_commented="false" questions_viewed="false" />
            <notifyOnSubscribed accepted="false" answers="true" comments="false" comments_own_post="true" reply_to_comments="true" />
            <digest>on</digest>
        </notifications>
        <watchedTags />
        <rejectedTags />
    </user>
    <user>
        <id>28</id>
        <username>fereshteh</username>
        <password>!</password>
        <email validated="true">rebeka646@gmail.com</email>
        <reputation>11</reputation>
        <badges bronze="1" gold="0" silver="0" />
        <joindate>2012-11-10 06:22:15</joindate>
        <active>true</active>
        <realname>Fereshteh</realname>
        <bio />
        <location />
        <website />
        <birthdate />
        <roles />
        <authKeys>
            <key>
                <provider>google</provider>
                <key>https://www.google.com/accounts/o8/id?id=AItOawltSGXP-E5l-yDLwJYG8yOR0osIn851kVg</key>
            </key>
        </authKeys>
        <notifications enabled="true">
            <notify member_joins="false" new_question="false" new_question_watched_tags="true" subscribed_questions="true" />
            <autoSubscribe all_questions="false" all_questions_watched_tags="false" questions_answered="false" questions_asked="false" questions_commented="false" questions_viewed="false" />
            <notifyOnSubscribed accepted="false" answers="true" comments="false" comments_own_post="true" reply_to_comments="true" />
            <digest>on</digest>
        </notifications>
        <watchedTags />
        <rejectedTags />
    </user>
    <user>
        <id>29</id>
        <username>فولادگر</username>
        <password>sha1$587c8$497cbaa8ff3d3949a4aa88ef015499d2c0364198</password>
        <email validated="true">foladgar@itland.ir</email>
        <reputation>11</reputation>
        <badges bronze="1" gold="0" silver="0" />
        <joindate>2012-11-11 03:50:42</joindate>
        <active>true</active>
        <realname />
        <bio />
        <location />
        <website />
        <birthdate />
        <roles />
        <authKeys />
        <notifications enabled="true">
            <notify member_joins="false" new_question="false" new_question_watched_tags="true" subscribed_questions="true" />
            <autoSubscribe all_questions="false" all_questions_watched_tags="false" questions_answered="false" questions_asked="false" questions_commented="false" questions_viewed="false" />
            <notifyOnSubscribed accepted="false" answers="true" comments="false" comments_own_post="true" reply_to_comments="true" />
            <digest>on</digest>
        </notifications>
        <watchedTags />
        <rejectedTags />
    </user>
    <user>
        <id>30</id>
        <username>rafiee</username>
        <password>sha1$90271$69ffda337c45ee746bca2b4cd1d08c530e7b930b</password>
        <email validated="true">rafiee@itrc.ac.ir</email>
        <reputation>11</reputation>
        <badges bronze="1" gold="0" silver="0" />
        <joindate>2012-11-12 02:38:40</joindate>
        <active>true</active>
        <realname />
        <bio />
        <location />
        <website />
        <birthdate />
        <roles />
        <authKeys />
        <notifications enabled="true">
            <notify member_joins="false" new_question="false" new_question_watched_tags="true" subscribed_questions="true" />
            <autoSubscribe all_questions="false" all_questions_watched_tags="false" questions_answered="false" questions_asked="false" questions_commented="false" questions_viewed="false" />
            <notifyOnSubscribed accepted="false" answers="true" comments="false" comments_own_post="true" reply_to_comments="true" />
            <digest>on</digest>
        </notifications>
        <watchedTags />
        <rejectedTags />
    </user>
    <user>
        <id>31</id>
        <username>ZMoezkarimi</username>
        <password>sha1$c76e5$c5900954b4b633af107f5fa2a300dc0c997596ee</password>
        <email validated="true">zmoezkarimi@gmail.com</email>
        <reputation>11</reputation>
        <badges bronze="1" gold="0" silver="0" />
        <joindate>2012-11-12 03:10:59</joindate>
        <active>true</active>
        <realname />
        <bio />
        <location />
        <website />
        <birthdate />
        <roles />
        <authKeys />
        <notifications enabled="true">
            <notify member_joins="false" new_question="false" new_question_watched_tags="true" subscribed_questions="true" />
            <autoSubscribe all_questions="false" all_questions_watched_tags="false" questions_answered="false" questions_asked="false" questions_commented="false" questions_viewed="false" />
            <notifyOnSubscribed accepted="false" answers="true" comments="false" comments_own_post="true" reply_to_comments="true" />
            <digest>on</digest>
        </notifications>
        <watchedTags />
        <rejectedTags />
    </user>
    <user>
        <id>32</id>
        <username>fzerorubigd</username>
        <password>sha1$b23c9$64b058caf46806933041c4545e427042bb918bbe</password>
        <email validated="true">fzerorubigd@gmail.com</email>
        <reputation>1</reputation>
        <badges bronze="0" gold="0" silver="0" />
        <joindate>2012-11-12 05:23:55</joindate>
        <active>true</active>
        <realname />
        <bio />
        <location />
        <website />
        <birthdate />
        <roles>
            <role>superuser</role>
            <role>moderator</role>
        </roles>
        <authKeys />
        <notifications enabled="true">
            <notify member_joins="false" new_question="false" new_question_watched_tags="true" subscribed_questions="true" />
            <autoSubscribe all_questions="false" all_questions_watched_tags="false" questions_answered="false" questions_asked="false" questions_commented="false" questions_viewed="false" />
            <notifyOnSubscribed accepted="false" answers="true" comments="false" comments_own_post="true" reply_to_comments="true" />
            <digest>on</digest>
        </notifications>
        <watchedTags />
        <rejectedTags />
    </user>
    <user>
        <id>33</id>
        <username>aodenecl</username>
        <password>sha1$368d1$a5549e8aacbfee205fa5ba0cb9f2062c7bd9a254</password>
        <email validated="true">vfloellapuccinisp@hotmail.com</email>
        <reputation>11</reputation>
        <badges bronze="1" gold="0" silver="0" />
        <joindate>2012-11-12 08:21:06</joindate>
        <active>true</active>
        <realname />
        <bio />
        <location />
        <website />
        <birthdate />
        <roles />
        <authKeys />
        <notifications enabled="true">
            <notify member_joins="false" new_question="false" new_question_watched_tags="true" subscribed_questions="true" />
            <autoSubscribe all_questions="false" all_questions_watched_tags="false" questions_answered="false" questions_asked="false" questions_commented="false" questions_viewed="false" />
            <notifyOnSubscribed accepted="false" answers="true" comments="false" comments_own_post="true" reply_to_comments="true" />
            <digest>on</digest>
        </notifications>
        <watchedTags />
        <rejectedTags />
    </user>
</users>